metname,inchikey
gar,OBQMLSFOUZUIOB-HJZCUYRDSA-M
cpd09802,NA
cpd11435,NA
cpd21472,NA
pram,SKCBPEVYGOQGJN-TXICZTDVSA-M
gcald,WGCNASOHLSPBMP-UHFFFAOYSA-N
pan4p,JDMUPRLRUUMCTL-VIFPVBQESA-L
cpd25880,NA
cpd11542,NA
pg161,GHQNERCMPIDAAU-ANXSUKRNSA-M
iasp,NMUOATVLLQEYHI-UHFFFAOYSA-M
cpd25884,NA
hdeACP,NA
cpd15065,NA
clpn140,SDCJNZZAOLRVCP-GTOSQJSUSA-L
adocbi,KQXSPGAEBZWHMC-OCUXTBADSA-N
xolest_hs,NA
dctp,RGWHQCVHVJXOKC-SHYZEUOFSA-J
3c2hmp,RNQHMTFBUSSBJQ-CRCLSJGQSA-L
ahdt,DGGUVLXVLHAAGT-XINAWCOVSA-J
uaccg,BEGZZYPUNCJHKP-DBYWSUQTSA-K
cpd14548,NA
cpd12322,NA
cpd12438,NA
cpd19185,NA
cpd15684,NA
ficytc,NA
fol,OVBPIULPVIDEAO-LBPRGKRZSA-L
cpd11560,NA
thymd,IQFYYKKMVGJFEH-XLPZGREQSA-N
cpd15677,NA
cpd11553,NA
3ocddec5eACP,NA
tyrtrna,NA
udcpdp,NTXGVHCCXVHYCL-RDQGWRCRSA-K
cpd11636,NA
cpd11209,NA
SM_MOLECULES,NA
cpd24604,NA
cpd01921,NA
cpd10565,NA
peamn,BHHGXPLMPWCGHP-UHFFFAOYSA-O
fecost,SLQKYSPHBZMASJ-QKPORZECSA-N
mg2,JLVVSXFLKOJNIY-UHFFFAOYSA-N
ugmd,QUHLBZKCGUXHGP-AJVQVANPSA-J
dtdprmn,ZOSQFDVXNQFKBY-CGAXJHMRSA-L
urea,XSQUKJJJFZCRTK-UHFFFAOYSA-N
4adcho,OIUJHGOLFKDBSU-HTQZYQBOSA-M
cdpdtdecg,ICFWXMWHAMIZGF-WNAWUNHNSA-L
mlthf,QYNUQALWYRSVHF-OLZOCXBDSA-L
colipa,SFVRSCGTAWOHDB-JMYCZVSXSA-C
2dh3dgal6p,OVPRPPOVAXRCED-NQXXGFSBSA-K
cpd03658,NA
5flurimp,RNBMPPYRHNWTMA-UAKXSSHOSA-L
metsox_S__L,QEFRNWWLZKMPFJ-YGVKFDHGSA-N
dad_5,XGYIMTFOTBMPFP-KQYNXXCUSA-N
pe160,SLKDGVPOSSLUAI-PGUFJCEWSA-N
pyr,LCTONWCANYUPML-UHFFFAOYSA-M
4mpetz,OCYMERZCMYJQQO-UHFFFAOYSA-L
aa,HRPVXLWXLXDGHG-UHFFFAOYSA-N
indole,SIKJAQJRHWYJAI-UHFFFAOYSA-N
glu5p,PJRXVIJAERNUIP-VKHMYHEASA-L
pa180,YFWHNAWEOZTIPI-DIPNUNPCSA-L
t3c5ddeceACP,NA
ttc_ggdp,NA
cpd02172,NA
dgsn,YKBGVTZYEHREMT-KVQBGUIXSA-N
cpd09790,NA
ocACP,NA
nicrnt,JOUIQRNQJGXQDC-ZYUZMQFOSA-L
cpd11537,NA
uaGgla,SULOOAFLXMQJSF-OGDYFQGPSA-K
nmn,DAYLJWODMCOQEW-TURQNECASA-M
cpd04167,NA
cpd11555,NA
cpd12640,NA
ethso3,CCIVGXIOQKPBKL-UHFFFAOYSA-M
pa161,NA
trnacys,NA
lpam,FCCDDURTIIUXBY-SSDOTTSWSA-N
butACP,NA
cpd03365,NA
cdpg,PZJOIILIPTVGFU-UWTATZPHSA-K
cpd12572,NA
mi4p__D,INAPMGSXUVUWAF-CNWJWELYSA-L
meoh,OKKJLVBELUTLKV-UHFFFAOYSA-N
rbflvrd,SGSVWAYHEWEQET-SCRDCRAPSA-N
uaaGgtla,CALJPWOWZPDIQK-PRHZHQPTSA-L
betald,SXKNCCSPZDCRFD-UHFFFAOYSA-N
2amac,UQBOJOOOTLPNST-UHFFFAOYSA-N
akg,KPGXRSRHYNQIFN-UHFFFAOYSA-L
gg4abut,MKYPKZSGLSOGLL-LURJTMIESA-M
s7p,JDTUMPKOJBQPKX-GBNDHIKLSA-L
3ocpalm9eACP,NA
dtdp,UJLXYODCHAELLY-XLPZGREQSA-K
cpd03199,NA
34dhphe,NA
din,VGONTNSXDCQUGY-RRKCRQDMSA-N
cpppg1,WIUGGJKHYQIGNH-UHFFFAOYSA-J
2agpe140,DDUZNLUWXLYPCP-UHFFFAOYSA-N
cpd03280,NA
cpd09351,NA
3ophb,UTIBHEBNILDQKX-LQOKPSQISA-M
gmhep17bp,LMTGTTLGDUACSJ-NNPWBXLPSA-J
cpd00049,NA
cpd02414,NA
glc__D,WQZGKKKJIJFFOK-GASJEMHNSA-N
5aop,ZGXJTSGNIOSYLO-UHFFFAOYSA-N
cpd15066,NA
pac,WLJVXDMOQOGPHL-UHFFFAOYSA-M
cpd11517,NA
2agpe180,KIHAGWUUUHJRMS-JOCHJYFZSA-N
cpd01736,NA
sertrna,NA
cpd09792,NA
anhgm,NA
trnaglu,NA
cpd01663,NA
udg,VTFWFHCECSOPSX-UHFFFAOYSA-N
minohp,IMQLKJBTEOYOSI-GPIVLXJGSA-B
hmgcoa,CABVTRNMFUVUDM-SJBCKIPMSA-I
cpd11522,NA
imp,GRSZFWQUAKGDAV-KQYNXXCUSA-L
cpd15694,NA
cpd11476,NA
apg160,BSAFHIMUDGXOPA-OKPYTHRESA-M
2omhmbl,QURLIMHPCRKMJP-WDXILIIOSA-N
pg141,NA
cpd15674,NA
odecoa,NA
cpd14796,NA
phpyr,BTNMPGBKDVTSJY-UHFFFAOYSA-M
frdp,VWFJDQUYCIWHTN-YFVJMOTDSA-K
suc6p,PJTTXANTBQDXME-UGDNZRGBSA-L
histd,ZQISRDCJNBUVMM-YFKPBYRVSA-O
cpd01301,NA
cpd10488,NA
cpd00361,NA
cpd15718,NA
pad,LSBDFXRDZJMBSC-UHFFFAOYSA-N
5fthf,VVIAGPKUTFNRDU-STQMWFEESA-L
3uib,PHENTZNALBMCQD-UHFFFAOYSA-M
2ombz,AFTBILPWMUSGIN-MYCGWMCTSA-N
hlipa,HPDZKCJEWNZSML-YOZKHJKSSA-H
grdp,GVVPGTZRZFNKDS-JXMROGBWSA-K
phe__L,COLNVLDHVKWLRT-QMMMGPOBSA-N
cpd11502,NA
cpd10548,NA
udpglcur,HDYANYHVCAPMJV-LXQIFKJMSA-K
3opalmACP,NA
leutrna,NA
3hbutACP,NA
ps181,NA
cpd25879,NA
trnatyr,NA
trnaarg,NA
uppg3,HUHWZXWWOFSFKF-UHFFFAOYSA-F
psqldp,ATZKAUGGNMSCCY-VYCBRMPGSA-K
cpd11550,NA
cpd03666,NA
cpd11566,NA
cpd11501,NA
cpd03659,NA
3ooctACP,NA
o2s,OUUQCZGPVNCOIJ-UHFFFAOYSA-M
amob,UOKVQQMBGVMXPU-CJPDYEHRSA-N
dad_2,OLXZPDWKRNYJJZ-RRKCRQDMSA-N
udpgal,HSCJRCZFDFQWRP-ABVWGUQPSA-L
pmtcoa,MNBKLUUYKPBKDU-BBECNAHFSA-J
ttdca,NA
cpd03706,NA
cpd11508,NA
cpd10568,NA
arg__L,ODKSFYDXXFIFQN-BYPYZUCNSA-O
cpd11570,NA
cpd11535,NA
cpd10503,NA
cpd05546,NA
cpd11206,NA
5forthf,YCWUVLPMLLBDCU-STQMWFEESA-L
ps141,NA
2p4c2me,HTJXTKBIUVFUAR-XHIBXCGHSA-J
chor,WTFXTQVDAKGDEY-HTQZYQBOSA-L
dxyl5p,AJPADPZSRRUGHI-RFZPGFLSSA-L
cpd11530,NA
HOPANOIDS,NA
glyc3p,AWUCVROLDVIAJX-GSVOUGTGSA-L
lipopb,NA
3ohexACP,NA
cpd02603,NA
suchms,GNISQJGXJIDKDJ-YFKPBYRVSA-M
2pg,GXIURPTVHJPJLF-UWTATZPHSA-K
cpd01560,NA
dump,JSRLJPSBLDHEIO-SHYZEUOFSA-L
cpd21488,NA
fdxrd,NA
cpd14547,NA
cpd11528,NA
2agpg141,NA
5odhf2a,ZPEHSARSWGDCEX-UHFFFAOYSA-M
4gudbd,YHVFECVVGNXFKO-UHFFFAOYSA-O
dtbt,AUTOLBMXDDTRRT-UHFFFAOYSA-M
orot,PXQPEWDEAKTCGB-UHFFFAOYSA-M
cholcoaone,NA
cpd10489,NA
cpd11565,NA
pe161,NA
prpp,PQGCEDQWHSBAJP-TXICZTDVSA-I
cpd15676,NA
cpd03211,NA
trnaleu,NA
mi1p__D,INAPMGSXUVUWAF-UOTPTPDRSA-L
5dh4dglc,QUURPCHWPQNNGL-ZAFYKAAXSA-L
trnathr,NA
phetrna,NA
cpd09811,NA
tdeACP,NA
cpd01447,NA
cpd03187,NA
dcacoa,NA
cpd04058,NA
2hdecg3p,NA
thr__L,AYFVYJQAPQTCCC-GBXIJSLDSA-N
Lcyst,XVOYSCVBGLVSOL-REOHCLBHSA-M
10fthfglu__L,BHBZPCBOCZGPTF-UHFFFAOYSA-L
tyr__L,OUYCCCASQSFEME-QMMMGPOBSA-N
focytc,NA
udpg,HSCJRCZFDFQWRP-RDKQLNKOSA-L
cpd11518,NA
xol7ah3,NA
cholcoa,NA
cpd15605,NA
sbt__D,FBPFZTCFMRRESA-JGWLITMVSA-N
cpd16402,NA
cytd,UHDGCWIWMRVCDJ-XVFCMESISA-N
ppp9,KSFOVUSSGSKXFI-UJJXFSCMSA-L
cpd15679,NA
dtmp,GYOZYWVXFNDGLU-XLPZGREQSA-L
2tdecg3p,NA
dmtphllqne,UDYIPZFWVJJQJF-KQPZCCJBSA-N
cbl2,ASARMUCNOOHMLO-FSANSEACSA-N
uagmda,PNWZQTONLRRPST-KLDRQJOASA-J
etoh,LFQSCWFLJHTTHZ-UHFFFAOYSA-N
dgmp,LTFMZDNNPPEQNG-KVQBGUIXSA-L
bz,WPYMKLBDIGXBTP-UHFFFAOYSA-M
cpd16329,NA
fdxox,NA
dutp,AHCYMLUZIRLXAA-SHYZEUOFSA-J
trypta,APJYDQYYACXCRM-UHFFFAOYSA-O
ggdp,OINNEUNVOZHBOX-QIRCYJPOSA-K
octapb,NA
cpd01357,NA
lipa,DIXUKJUHGLIZGU-OIPVZEHTSA-H
glntrna,NA
cpd11505,NA
ps140,NA
ins,UGQMRVRMYYASKQ-KQYNXXCUSA-N
xol7ah2al,NA
cpd11592,NA
td2coa,MBCVYCOKMMMWLX-YYMFEJJQSA-J
cpd08707,NA
cdpdddecg,NA
orot5p,KYOBSHFOBAOFBF-XVFCMESISA-K
cpd03646,NA
cit,KRKNYBCHXYNGOX-UHFFFAOYSA-K
cpd11584,NA
dadp,DAEAPNUQQAICNR-RRKCRQDMSA-K
dgdp,CIKGWCTVFSRMJU-KVQBGUIXSA-K
cpd11437,NA
cpd24682,NA
acetol,XLSMFKSTNGKWQX-UHFFFAOYSA-N
cdp,ZWIADYZPOWUWEW-XVFCMESISA-K
cpd11498,NA
cpd00445,NA
26dap_LL,GMKMEZVLHJARHF-WHFBIAKZSA-N
preq0,FMKSMYDYKXQYRV-UHFFFAOYSA-N
cpd11835,NA
PHOSPHOLIPIDS,NA
btcoa,CRFNGMNYKDXRTN-CITAKDKDSA-J
dcamp,OFBHPPMPBOJXRT-DPXQIYNJSA-J
hcys__L,FFFHZYDWPBMWHY-UHFFFAOYSA-N
4ampm,SSWDVESQMBHOQT-UHFFFAOYSA-N
acryl,NIXOWILDQLNWCW-UHFFFAOYSA-M
ugmda,IMWOXEZVYQDRDF-MCZXNMLPSA-J
PEPTIDOGLYCAN,NA
pran,PMFMJXPRNJUYMB-GWOFURMSSA-K
2ddg6p,OVPRPPOVAXRCED-WVZVXSGGSA-K
mn2,WAEMQWOKJMHJLA-UHFFFAOYSA-N
tsul,DHCDFWKWKRSZHF-UHFFFAOYSA-M
cpd12044,NA
pc_SC,NA
34dhoxpeg,MTVWFVDWRVYDOR-UHFFFAOYSA-N
thbhaga,NA
sufse,NA
pgp141,NA
iletrna,NA
cpd04105,NA
hdca,IPCSVZSSVZVIGE-UHFFFAOYSA-M
2ippm,NJMGRJLQRLFQQX-HYXAFXHYSA-L
2agpe181,NA
2ahhmd,FCQGJGLSOWZZON-UHFFFAOYSA-L
ala__D,QNAYBMKLOCPYGJ-UWTATZPHSA-N
cpd06707,NA
cpd11557,NA
g3pe,JZNWSCPGTDBMEW-YFKPBYRVSA-N
octa,WWZKQHOCKIZLMA-UHFFFAOYSA-M
thrtrna,NA
pe180,LVNGJLRDBYCPGB-LDLOPFEMSA-N
2ameph,QQVDJLLNRSOCEL-UHFFFAOYSA-N
imacp,YCFFMSOLUMRAMD-UHFFFAOYSA-L
hx2coa,OINXHIBNZUUIMR-IXUYQXAASA-J
hhlipa,HHPCMWTVGVTYIC-CFEULOSXSA-H
34dhmald,YUGMCLJIWGEKCK-UHFFFAOYSA-N
argtrna,NA
cpd01047,NA
cpd12379,NA
cpd15166,NA
h2o,XLYOFNOQVPJJNP-UHFFFAOYSA-N
pnto__R,GHOKWGTUZJEAQD-ZETCQYMHSA-M
cpd12458,NA
k,NPYPAHLBTDXSSS-UHFFFAOYSA-N
CARBOHYDRATES,NA
ppi,XPPKVPWEQAFLFU-UHFFFAOYSA-K
alaala,DEFJQIDDEAULHB-QWWZWVQMSA-N
25dop,NA
s17bp,OKHXOUGRECCASI-SHUUEZRQSA-J
56dura,OIVLITBTBDPEFK-UHFFFAOYSA-N
hpglu,RXWVHRYZTWZATH-XSLAGTTESA-J
fgam,VDXLUNDMVKSKHO-ZRTZXPPTSA-L
trdox,NA
pydx,RADKZDMFGJYCBB-UHFFFAOYSA-N
cpd03424,NA
cpd12496,NA
gsn,NYHBQMYGNKIUIF-UUOKFMHZSA-N
t3c9palmeACP,NA
thbhet,NA
3hcpalm9eACP,NA
sl26da,GLXUWZBUPATPBR-BQBZGAKWSA-L
allphn,AVWRKZWQTYIKIY-UHFFFAOYSA-M
1tdec7eg3p,NA
fprica,ABCOOORLYAOBOZ-KQYNXXCUSA-L
cpd11540,NA
cpd11580,NA
lipidA,KVJWZTLXIROHIL-QDORLFPLSA-J
1odecg3p,LAYXSTYJRSVXIH-HXUWFJFHSA-L
gchola,NA
4pasp,IXZNKTPIYKDIGG-REOHCLBHSA-L
cpd15692,NA
peplys,NA
mal__L,BJEPYKJPYRNKOW-REOHCLBHSA-L
cdec3eACP,NA
cpd21481,NA
ppgpp,BUFLLCUFNHESEH-UUOKFMHZSA-I
13dpg,LJQLQCAXBUHEAZ-UWTATZPHSA-J
glx,HHLFWLYXYJOTON-UHFFFAOYSA-M
thbhga,NA
cpd03963,NA
cpd12232,NA
dmpp,CBIDRCWHNCKSTO-UHFFFAOYSA-K
cpd11532,NA
cpd02797,NA
cpd01373,NA
ser__L,MTCFGRXMJLQNBG-REOHCLBHSA-N
neoxan,PGYAYSRVSAJXTE-CLONMANBSA-N
pe181,NA
pant__R,OTOIIPJYVQJATP-BYPYZUCNSA-M
cpd15165,NA
cpd15698,NA
3dhsk,SLWWJZMPHJJOPH-PHDIDXHHSA-M
fadh2,YPZRHBJKEMOYQH-UYBVJOGSSA-L
cpd16395,NA
3ooctdACP,NA
phhlipa,XNYUHCDJIRFEJF-LIOVHSHWSA-G
3hanthrn,WJXSWCUQABXPFS-UHFFFAOYSA-M
cpd11571,NA
cpd04248,NA
cpd00788,NA
cpd00888,NA
apg181,NA
cpd00878,NA
btn,YBJHBAHKTGYVGT-ZKWXMUAHSA-M
zn2,PTFCDOFLOPIGGS-UHFFFAOYSA-N
apg161,NA
q10,ACTIUHUUMQJHFO-UPTCCGCDSA-N
ocdca,QIQXTHQIDYTFRH-UHFFFAOYSA-M
trptrna,NA
rbl__D,ZAQJHHRNXZUBTE-NQXXGFSBSA-N
2odecg3p,NA
cpd10502,NA
cpd02200,NA
cpd02708,NA
sl2a6o,SDVXSCSNVVZWDD-LURJTMIESA-K
cpd15700,NA
4nph,NA
3hmrsACP,NA
ibcoa,AEWHYWSPVRZHCT-NDZSKPAWSA-J
3haACP,NA
cpd10500,NA
apg120,AJCVDIXUOBZCPE-ZESVVUHVSA-M
glcn,RGHNJXZEOKUKBD-SQOUGZDYSA-M
clpn160,GRTNLBQYBYZCCM-ULKDXPJMSA-L
gam1p,YMJBYRVFGYXULK-QZABAPFNSA-M
2mecdp,SFRQRNJMIIUYDI-UHNVWZDZSA-L
dhpt,WBFYVDCHGVNRBH-UHFFFAOYSA-M
cpd12554,NA
urdglyc,NWZYYCVIOKVTII-SFOWXEAESA-M
srtn,QZAYGJVTTNCVMB-UHFFFAOYSA-O
asntrna,NA
cpd11569,NA
anth,RWZYAGGXGHYGMB-UHFFFAOYSA-M
u3hga,ZFPNNOXCEDQJQS-SSVOXRMNSA-M
cpd10537,NA
cpd11679,NA
cpd11575,NA
cpd11588,NA
g3pc,SUHOQUVVVLNYQR-MRVPVSSYSA-N
3oxoadp,RTGHRDFWYQHVFW-UHFFFAOYSA-L
ppcoa,QAQREVBBADEHPA-IEXPHMLFSA-J
cpd01043,NA
cyan,LELOWRISYMNNSU-UHFFFAOYSA-N
alatrna,NA
coucoa,DMZOKBALNZWDKI-MATMFAIHSA-J
amp,UDMBCSSLTHHNCD-KQYNXXCUSA-L
skm5p,QYOJSKGCWNAKGW-PBXRRBTRSA-K
cpd15087,NA
phenol,ISWSIDIOOBJBQZ-UHFFFAOYSA-N
dpcoa,KDTSHFARGAKYJN-IBOSZNHHSA-L
cpd31750,NA
crtn,NA
3pg,OSJPPGNTCRNQQC-UWTATZPHSA-K
cpd11536,NA
2odec11eg3p,NA
aps,IRLPACMLTUPBCL-KQYNXXCUSA-L
cmp,IERHLVCPSMICTF-XVFCMESISA-L
2agpg161,NA
cbi,XQRJFEVDQXEIAX-JFYQDRLCSA-M
4izp,MYNHYKDPSRPBNZ-UHFFFAOYSA-N
scl,KWIZRXMMFRBUML-AHGFGAHVSA-F
sufbcd,NA
db4p,OKYHYXLCTGGOLM-UHFFFAOYSA-L
cpd11625,NA
cpd11578,NA
cpd15130,NA
prlp,BLKFNHOCHNCLII-GHVQHMAVSA-J
cpd02601,NA
cpd11521,NA
acmum6p,NMEMTQKUEVNSPV-MKFCKLDKSA-K
cpd01512,NA
cpd11563,NA
trdrd,NA
malACP,NA
cpd10490,NA
xyl__D,SRBFZHDQGSBBOR-IOVATXLUSA-N
cpd09433,NA
g6p,NBSCHQHZLSJFNQ-GASJEMHNSA-L
Ncbmpts,YANFYYGANIYHGI-UHFFFAOYSA-O
cpd15696,NA
cpd11589,NA
cpd01061,NA
cpd02616,NA
o2,MYMOFIZGZYHOMD-UHFFFAOYSA-N
cpd32627,NA
histrna,NA
btamp,UTQCSTJVMLODHM-RHCAYAJFSA-N
r3mmal,NPYQJIHHTGFBLN-STHAYSLISA-L
3hcddec5eACP,NA
ps160,KLFKZIQAIPDJCW-GPOMZPHUSA-M
r15bp,AAAFZMYJJHWUPN-TXICZTDVSA-J
cpd15717,NA
pa120,NA
udp,XCCTYIAWTASOJW-XVFCMESISA-K
isetac,SUMDYPCJJOFFON-UHFFFAOYSA-M
cpd16396,NA
cpd15722,NA
sucorn,VWXQFHJBQHTHMK-LURJTMIESA-M
cpd21088,NA
2oph,VUNQJPPPTJIREN-CMAXTTDKSA-N
2omph,MYNOBJRQIKYBRD-MGHGRUFNSA-N
cpd08740,NA
cpd11432,NA
cpd02045,NA
cpd15666,NA
g3p,LXJXRIRHZLFYRP-VKHMYHEASA-L
cpd10571,NA
prephytedp,RVCNKTPCHZNAAO-UZDKSQMHSA-K
cpd11526,NA
dann,KCEGBPIYGIWCDH-UHFFFAOYSA-O
cpd09350,NA
cpd11519,NA
6a2ohxnt,GWENQMVPLJAMAE-UHFFFAOYSA-N
u23ga,KOJCFMYSTWNMQW-RUAJDYCTSA-L
dhlam,VLYUGYAKYZETRF-SSDOTTSWSA-N
cpd01567,NA
hphhlipa,OCKKDDJUVZAABC-XSAOWLIJSA-G
5hiu,LTQYPAVLAYVKTK-UHFFFAOYSA-N
cpd14940,NA
kdo2lipid4L,JVUUYJGQIVCMIU-ZODGSCPMSA-H
1tdecg3p,FAZBDRGXCKPVJU-MRXNPFEDSA-L
fe3dcit,NA
apg180,WCMVNCVROQLVSH-JBQXKKLXSA-M
ps161,NA
cpd11583,NA
tchola,WBWWGRHZICKQGZ-HZAMXZRMSA-M
cpd03244,NA
etha,HZAXFHJVJLSVMW-UHFFFAOYSA-O
4mop,BKAJNAXTPSGJCU-UHFFFAOYSA-M
btnCCP,NA
dcaACP,NA
3hddecACP,NA
cpd04097,NA
succoa,VNOYUJKHFWYWIR-ITIYDSSPSA-I
hmbil,WDFJYRZCZIUBPR-UHFFFAOYSA-F
cpd11483,NA
cpd11509,NA
fmettrna,NA
acgam,OVRNDRQMDRJTHS-RTRLPJTCSA-N
ocdcea,ZQPPMHVWECSIRJ-KTKRTIGZSA-M
octeACP,NA
oc2coa,CPSDNAXXKWVYIY-NTLMCJQISA-J
ACP,NA
cpd11556,NA
cdpdodecg,PDCWLWQTNQCGRI-IGIWICMZSA-L
cpd11545,NA
cpd11568,NA
cddec5eACP,NA
fe3,VTLYFUHAOXGGBS-UHFFFAOYSA-N
cpd11481,NA
mhpglu,HVRNKDVLFAVCJF-VJANTYMQSA-J
nac,PVNIIMVLHYAWGP-UHFFFAOYSA-M
cpd15683,NA
phllqne,MBWXNTAXLNYFJB-NKFFZRIASA-N
myrsACP,NA
cpd12431,NA
3hcmrs7eACP,NA
pser__L,BZQFBWGGLXLEPQ-REOHCLBHSA-L
retinal,NCYCYZXNIZJOKI-OVSJKPMPSA-N
ttdcea,NA
cpd15690,NA
asn__L,DCXYFEDJOCDNAF-REOHCLBHSA-N
hdcea,NA
PROTEIN,NA
cpd15687,NA
fad,IMGVNJNCCGXBHD-UYBVJOGSSA-K
pppg9,UHSGPDMIQQYNAX-UHFFFAOYSA-L
dptne,HHXYJYBYNZMZKX-PYQRSULMSA-N
cpd10556,NA
cpd11499,NA
2ddecg3p,NA
cpd11512,NA
cpd15695,NA
g15lac,PHOQVHQSTUBQQK-SQOUGZDYSA-N
kdolipid4,GPNCBCJEDRRCDW-ACUQGRCXSA-I
gly,DHMQDGOQFOQNFH-UHFFFAOYSA-N
dgcholcoa,NA
hexdp,NGFSMHKFTZROKJ-MMSZMYIBSA-K
PE,NA
cpd25915,NA
cpd00301,NA
5aprbu,RQRINYISXYAZKL-RPDRRWSUSA-L
val__L,KZSNJWFQEVHDMF-BYPYZUCNSA-N
cpd10560,NA
ps180,TZCPCKNHXULUIY-RGULYWFUSA-M
cpd16439,NA
5htrp,NA
pgp120,NA
methf,MEANFMOQMXYMCT-OLZOCXBDSA-M
fmn,ANKZYBDXHMZBDK-SCRDCRAPSA-K
inost,CDAISMWEOUEBRE-GPIVLXJGSA-N
pyam5p,ZMJGSOSNSPKHNH-UHFFFAOYSA-M
cbl1,OMAOKVYASDIYQG-DSRCUDDDSA-L
ara5p,PPQRONHOSHZGFQ-WDCZJNDASA-L
ivcoa,UYVZIWWBJMYRCD-ZMHDXICWSA-J
3hmoa,DNOPJXBPONYBLB-UHFFFAOYSA-M
cl,VEXZGXHMUGYJMC-UHFFFAOYSA-M
ac,QTBSBXVTEAMEQO-UHFFFAOYSA-M
thmpp,AYEKOFBPNLCAJY-UHFFFAOYSA-L
cpd09812,NA
hxa,FUZZWVXGSFPDMH-UHFFFAOYSA-M
cpd10553,NA
biocyt,NA
cpd15699,NA
6hmhpt,CQQNNQTXUGLUEV-UHFFFAOYSA-N
cpd00329,NA
tdchola,BHTRKEVKTKCXOH-BJLOMENOSA-M
cpd00315,NA
gicolipa,JIYBFSMTJJSDHN-XHEUBBKESA-C
cpd02824,NA
cpd11520,NA
aacoa,OJFDKHTZOUZBOS-CITAKDKDSA-J
tmrs2eACP,NA
phphhlipa,MVYTXVAKEAWEGM-WMKPBWIYSA-D
duri,MXHRCPNRJAMMIM-SHYZEUOFSA-N
2tdec7eg3p,NA
asp__L,CKLJMWTZIZZHCS-REOHCLBHSA-M
cpd15604,NA
xu5p__D,FNZLKVNUWIIPSJ-RFZPGFLSSA-L
chol,OEYIOHPDSNJKLS-UHFFFAOYSA-N
pap,WHTCPDAXWFLDIH-KQYNXXCUSA-J
Ntmelys,NA
clpn181,HSSSADMXQPKIEB-GXYAQEMJSA-L
sufsesh,NA
fum,VZCYOOQTPOCHFL-OWOJBTEDSA-L
ptd1ino160,NA
cpd15672,NA
g3pi,BMVUIWJCUQSHLZ-UJGXJMNGSA-M
frmd,ZHNUHDYFZUAESO-UHFFFAOYSA-N
cpd11510,NA
3hoctaACP,NA
mobd,MEFBJEMVZONFCJ-UHFFFAOYSA-N
Largn,MIEILDYWGANZNH-DSQUFTABSA-M
LIPIDS,NA
cpd14790,NA
cpd11525,NA
2c25dho,DHCUIDTZCMREHG-UHFFFAOYSA-L
cpd06559,NA
cpd11527,NA
sucr,CZMRCDWAGMRECN-UGDNZRGBSA-N
hom__L,UKAUYVFTDYCKQA-VKHMYHEASA-N
LalaDglu,VYZAGTDAHUIRQA-CRCLSJGQSA-M
dnad,SENPVEZBRZQVST-HISDBWNOSA-L
pa140,OZSITQMWYBNPMW-GDLZYMKVSA-L
dca,NA
xtsn,UBORTCNDUKBEOP-UUOKFMHZSA-N
toct2eACP,NA
cdpdhdec9eg,LBKBJHVQQNUXGQ-BQUKFSKHSA-L
cmpacna,TXCIAUNLDRJGJZ-BILDWYJOSA-L
fdp,RNBGYGVWRKECFJ-VRPWFDPXSA-J
selhcys,RCWCGLALNCIQNM-VKHMYHEASA-N
2amsa,XMTCKNXTTXDPJX-REOHCLBHSA-N
ethamp,SUHOOTKUPISOBE-UHFFFAOYSA-M
hista,NTYJJOPFIAHURM-UHFFFAOYSA-O
acorn,JRLGPAXAGHMNOL-LURJTMIESA-N
2agpg180,ZYKIFISVQNGKFE-UHFFFAOYSA-M
23ddhb,INCSWYKICIYAHB-WDSKDSINSA-M
pep,DTBNBXWJWCWCIK-UHFFFAOYSA-K
lipidAds,HLDJGHAAKRKPAV-QDORLFPLSA-L
met__L,FFEARJCKVFRZRR-BYPYZUCNSA-N
1agpg180,HFJVKBVEKQHVTO-XZOQPEGZSA-M
sufbcd__2fe2s,NA
cpd01371,NA
5mtr,ACWASDPGAVYCNI-JKUQZMGJSA-N
cpd11541,NA
cpd34385,NA
lipidX,HEHQDWUWJVPREQ-XQJZMFRCSA-L
56dh5flura,RAIRJKWTBBDDAR-UHFFFAOYSA-N
thf,MSTNYGQPCMXVAQ-RYUDHWBXSA-L
cpe180,HCFAHMIUAQMBSN-UHFFFAOYSA-M
u3aga,TZSJGZGYQDNRRX-MPLCHSTDSA-L
pa160,PORPENFLTBBHSG-MGBGTMOVSA-L
idp,JPXZQMKKFWMMGK-KQYNXXCUSA-K
pheme,KABFMIBPWCXCRK-RGGAHWMASA-J
h2o2,MHAJPDPJQMAIIY-UHFFFAOYSA-N
cpd09793,NA
udcpp,UFPHFKCTOZIAFY-RDQGWRCRSA-L
anhm,NA
cpd11538,NA
oaa,KHPXUQMNIQBQEV-UHFFFAOYSA-L
cpd11533,NA
sulfac,AGGIJOLULBJGTQ-UHFFFAOYSA-L
cpd00195,NA
cpd00491,NA
cpd02688,NA
cpd04016,NA
cpd05630,NA
pp2coa,POODSGUMUCVRTR-IEXPHMLFSA-J
anhgm3p,ZWZMFRJKRXDGBE-UHFFFAOYSA-L
h2,UFHFLCQGNIYNRP-UHFFFAOYSA-N
cpd08449,NA
cdpdhdecg,NA
vioxan,SZCBXWMUOPQSOX-WVJDLNGLSA-N
g1p,HXXFSFRBOHSIMQ-GASJEMHNSA-L
ctp,PCDQPRRSZKQHHS-XVFCMESISA-J
gagicolipa,XCYFJKYUDKZCQY-RQZVRRRJSA-C
cpd08400,NA
pydam,NHZMQXZHNVQTQA-UHFFFAOYSA-O
taur,XOAAWQZATWQOTB-UHFFFAOYSA-N
cpd15686,NA
cpd03661,NA
cpd10555,NA
2obut,TYEYBOSBBBHJIV-UHFFFAOYSA-M
cpd03407,NA
pg160,BIABMEZBCHDPBV-MPQUPPDSSA-M
dhap,GNGACRATGGDKBX-UHFFFAOYSA-L
trnaser,NA
ckdo,YWWJKULNWGRYAS-UOVSKDHASA-L
pydx5p,NGVDGCNFYWLIFO-UHFFFAOYSA-L
nh4,QGZKDVFQNNGYKY-UHFFFAOYSA-O
glyc__R,RBNPOMFGQQGHHO-UWTATZPHSA-M
uAgl,RLNOPSGEZLGFAH-BSIIKIOPSA-K
itp,HAEJPQIATWHALX-KQYNXXCUSA-J
cpd25883,NA
cpd10545,NA
15dap,VHRGRCVQAFMJIZ-UHFFFAOYSA-P
cpd11441,NA
mi3p__D,INAPMGSXUVUWAF-PTQMNWPWSA-L
ggbutal,JZNLEPLZUABCSQ-ZETCQYMHSA-N
sheme,DLKSSIHHLYNIKN-QIISWYHFSA-D
pre2,OQIIYZQTTMKFAU-ZNLOQLQNSA-G
23dhmb,JTEYKUFKXGDTEU-VKHMYHEASA-M
cpd11507,NA
23dpg,XOHUEYCVLUUEJJ-UWTATZPHSA-I
ugam,CYKLRRKFBPBYEI-NQQHDEILSA-M
cpd15665,NA
trnapro,NA
2dhp,NA
apg141,NA
dtdp4d6dg,NA
cpd19241,NA
trnagly,NA
glyclt,NA
cpd11539,NA
hepdp,NA
pmcoa,NA
peng,JGSARLDLIJGVTE-MBNYWOFBSA-M
gtp,NA
cpd33171,NA
cpd11558,NA
3odecACP,NA
gdptp,NA
adp,NA
h2co3,NA
for,NA
cpd01129,NA
cholate,BHQCQFFYRZLCQQ-OELDTZBJSA-M
cpd11506,NA
adocbl,ZIHHMGTYZOSFRC-QRVZQHAISA-N
cpd15606,NA
cpd03281,NA
cpd15131,NA
8aonn,NA
ni2,NA
2cpr5p,NA
4hthr,NA
sucglu,NA
ipdp,NA
dttp,NA
lystrna,NA
1pipdn2c,GEJXSVNGWOSZPC-UHFFFAOYSA-N
3c3hmp,NA
dudp,NA
cpd03232,NA
h2s,RWSOTUBLDIXVET-UHFFFAOYSA-M
cm,WIIZWVCIJKGZOK-RKDXNWHRSA-N
cpd11590,NA
ppbng,QSHWIQZFGQKFMA-UHFFFAOYSA-M
4r5au,XKQZIXVJVUPORE-RPDRRWSUSA-N
thdp,CXMBCXQHOXUCEO-BYPYZUCNSA-L
cpd15675,NA
cpd15671,NA
glu5sa,KABXUUFDPUOJMW-BYPYZUCNSA-N
cpd03656,NA
cpd03158,NA
dc2coa,MGNBGCRQQFMNBM-YJHHLLFWSA-J
cpd10562,NA
4abut,BTCSSZJGUNDROE-UHFFFAOYSA-N
t3c11vaceACP,NA
cpd14795,NA
acg5p,FCVIHFVSXHOPSW-YFKPBYRVSA-K
cpd25888,NA
glutrna,NA
adhlam,ARGXEXVCHMNAQU-UHFFFAOYSA-N
sucsal,UIUJIQZEACWQSV-UHFFFAOYSA-M
cpd15603,NA
dgtp,HAAZLUGHYHWQIW-KVQBGUIXSA-J
trans_dd2coa,IRFYVBULXZMEDE-DEEZISNZSA-J
dhnpt,YQIFAMYNGGOTFB-XINAWCOVSA-N
26dap__M,GMKMEZVLHJARHF-SYDPRGILSA-N
cpd11822,NA
cpd12592,NA
DNA,NA
adocbip,MQCMBMUJJHSGIF-QMUWONGRSA-K
protdt,NA
cobalt2,XLJKHNWPARRRJB-UHFFFAOYSA-N
cpd12868,NA
eig3p,HFYBTHCYPKEDQQ-RITPCOANSA-L
dhf,OZRNSSUDZOLUSN-LBPRGKRZSA-L
2mbcoa,LYNVNYDEQMMNMZ-XGXNYEOVSA-J
cpd15673,NA
3hcvac11eACP,NA
xmp,DCTLYFZHFGENCW-UUOKFMHZSA-L
5prdmbz,ZMRGXEJKZPRBPJ-SYQHCUMBSA-L
cpd10552,NA
skm,JXOHGGNKMLTUBP-HSUXUTPPSA-M
gmhep7p,SDADNVAZGVDAIM-ZUHYCWGWSA-L
cpd04106,NA
cpd11562,NA
mev__R,KJTLQQUUPVSXIM-ZCFIWIBFSA-M
ddcacoa,YMCXGHLSVALICC-GMHMEAMDSA-J
4c2me,YFAUKWZNPVBCFF-XHIBXCGHSA-L
ade,GFFGJBXGBJISGV-UHFFFAOYSA-N
cpd21087,NA
cpd01859,NA
2agpg160,ODJYINYQGFIIRK-UHFFFAOYSA-M
apoACP,NA
aicar,NOTGFIUVDGNKRI-UUOKFMHZSA-L
ptrc,KIDHWZJUCRJVML-UHFFFAOYSA-P
pg120,NA
cpd01324,NA
cpd09879,NA
cdpdag_BS,NA
apg140,HLSZVIULNVUBQI-YWPUXERESA-M
malcoa,LTYOQGRJFJAKNA-DVVLENMVSA-I
cpd02807,NA
hpyr,HHDDCCUIIUWNGJ-UHFFFAOYSA-M
5aizc,XFVULMDJZXYMSG-ZIYNGMLESA-L
cpd06739,NA
co2,CURLTUGMZLYLDI-UHFFFAOYSA-N
2agpe120,NPAZKTOOMVQLIH-UHFFFAOYSA-N
cpd15697,NA
4hglu,HBDWQSHEVMSFGY-SCQFTWEKSA-M
pgp181,NA
agm,QYPPJABKJHAVHS-UHFFFAOYSA-P
protds,NA
spmd,ATHGHQPFGPMSJY-UHFFFAOYSA-Q
cpd10484,NA
alltn,POJWUDADGALRAB-UHFFFAOYSA-N
acg5sa,BCPSFKBPHHBDAI-LURJTMIESA-M
dpterol,PNJBOAVCVAVRGR-UDCAXGDQSA-N
cdpdodec11eg,KISJWPWNABZPGN-IGIWICMZSA-L
trnaval,NA
chsterol,HVYWMOMLDIMFJA-DPAQBDIFSA-N
5mthf,ZNOVTXRBGFNYRX-STQMWFEESA-L
fru,RFSUNEUAIZKAJO-VRPWFDPXSA-N
cpd00190,NA
cpd03193,NA
2ahbut,VUQLHQFKACOHNZ-LURJTMIESA-M
adphep_LD,KMSFWBYFWSKGGR-DTBZDYEHSA-L
tdecoa,NA
cpd15719,NA
cpd15064,NA
cpd11827,NA
1odec11eg3p,NA
pdx5p,WHOMFKWHIQZTHY-UHFFFAOYSA-L
cpd10561,NA
cpd02014,NA
gthox,YPZRWBKMTBYPTK-BJDJZHNGSA-L
hdd2coa,JUPAQFRKPHPXLD-MSHHSVQMSA-J
nad,BAWFJGJZGIEFAR-NNYOXOHSSA-M
cpd11531,NA
uamr,NQBRVZNDBBMBLJ-MQTLHLSBSA-K
protrna,NA
1hdec9eg3p,NA
seahcys,NA
3oddecACP,NA
cpd15067,NA
cpd07971,NA
cbp,FFQKYPRQEYGKAF-UHFFFAOYSA-L
56dthm,NBAKTGXDIBVZOO-UHFFFAOYSA-N
uGgla,PFMVORMCVGOQKR-XEKCPOMLSA-K
ala__L,QNAYBMKLOCPYGJ-REOHCLBHSA-N
cpd00966,NA
thm,MYVIATVLJGTBFV-UHFFFAOYSA-M
ggagicolipa,WLEFLXRCTUWFSD-CCRRCLIHSA-C
glyc,PEDCQBHIVMGVHV-UHFFFAOYSA-N
psd5p,NA
cpd12050,NA
forglu,NRXIKWMTVXPVEF-BYPYZUCNSA-M
hg2,BQPIGGFYSBELGY-UHFFFAOYSA-N
actACP,NA
cpd11581,NA
dhna,VOJUXHHACRXLTD-UHFFFAOYSA-M
trp__L,QIVBCDIJIAJPQS-VIFPVBQESA-N
acgam1p,FZLJPEPAYPUMMR-RTRLPJTCSA-L
cpd04661,NA
1hdecg3p,NA
na1,FKNQFGJONOIPTF-UHFFFAOYSA-N
stcoa,SIARJEKBADXQJG-LFZQUHGESA-J
rnam,JLEBZPBDRKPWTD-TURQNECASA-O
clpn161,UYSHBKYVDAZLKJ-GMUISZSCSA-L
cpd15572,NA
cpd02135,NA
cpd01651,NA
6pgc,BIRSGZKFKXLSJQ-SQOUGZDYSA-K
3hdecACP,NA
cpd15721,NA
cpd03289,NA
4hba,BVJSUAQZOZWCKN-UHFFFAOYSA-N
hdcoa,NA
cbasp,HLKXYZVTANABHZ-REOHCLBHSA-L
palmACP,NA
Sfglutth,FHXAGOICBFGEBF-BQBZGAKWSA-M
salc,YGSDEFSMJLZEOE-UHFFFAOYSA-M
cpd15268,NA
sucgsa,XTOKIEIBKARFSZ-LURJTMIESA-L
4per,ZCZXOHUILRHRQJ-PWNYCUMCSA-K
cpd03518,NA
cpd11551,NA
fe2,CWYNVVGOOAEACU-UHFFFAOYSA-N
cpd11979,NA
cpd25881,NA
cpd12190,NA
cpd32729,NA
cpd18036,NA
nadh,BOPGDPNILDQYTO-NNYOXOHSSA-L
LalaLglu,VYZAGTDAHUIRQA-WHFBIAKZSA-M
3php,LFLUCDOSQPJJBE-UHFFFAOYSA-K
cpd02267,NA
coa,RGJOEKWQDUBAIZ-IBOSZNHHSA-J
sucarg,UMOXFSXIFQOWTD-LURJTMIESA-M
cpd11561,NA
ametam,ZUNBITIXDCPNSD-LSRJEVITSA-O
acald,IKHGUXGNUITLKF-UHFFFAOYSA-N
cpd03709,NA
cpd15723,NA
cpd03245,NA
cpd11515,NA
5hxkyn,NA
gln__L,ZDXPYRJPNDTMRX-VKHMYHEASA-N
cpd12606,NA
hxcoa,NA
pgp180,UZNYMWWMHBZMLI-IOLBBIBUSA-K
dha,RXKJFZQQPQGTFL-UHFFFAOYSA-N
cpd11567,NA
cpd11572,NA
cpd00542,NA
glu__L,WHUUTDBJXJRKMK-VKHMYHEASA-M
ps120,NA
ahcys,ZJUKTBDSGOFHSH-WFMPWKQPSA-N
acACP,NA
cpd08238,NA
4abz,ALYNCZNDIQEVRV-UHFFFAOYSA-M
2pglyc,ASCFNMCAHFUBCO-UHFFFAOYSA-K
dimp,PHNGFPPXDJJADG-RRKCRQDMSA-L
1ddecg3p,STTKJLVEXMKLNA-CQSZACIVSA-L
3dhq,WVMWZWGZRAXUBK-SYTVJDICSA-M
trnaala,NA
his__L,HNDVDQJCIGZPNO-YFKPBYRVSA-N
cpd11500,NA
3omrsACP,NA
kdo,NNLZBVFSCVTSLA-HXUQBWEZSA-M
gdp,QGWNDRXFNXRZMB-UUOKFMHZSA-K
n6all26d,KYVLWJXMCBZDRL-BQBZGAKWSA-M
glytrna,NA
cpd08741,NA
5apru,LZEXYCAGPMYXLX-UMMCILCDSA-L
cpd00354,NA
mettrna,NA
cpd15691,NA
dcyt,CKTSBUTUHBMZGZ-SHYZEUOFSA-N
n2,IJGRMHOSHXDMSA-UHFFFAOYSA-N
fpram,PMCOGCVKOAOZQM-ZRTZXPPTSA-M
cpd01679,NA
cpd02733,NA
mi34p,NA
cpd15685,NA
damp,KHWCHTKSEGGWEX-RRKCRQDMSA-L
cpd11573,NA
arab__L,PYMYPHUHKUWMLA-VAYJURFESA-N
pe140,NA
cdpea,WVIMUEUQJFPNDK-PEBGCTIMSA-M
Ndmelys,NA
tddec2eACP,NA
trnahis,NA
nadp,XJLXINKUBYWONI-NNYOXOHSSA-K
gmhep1p,KMEJCSKJXSBBAN-QTNLNCNHSA-L
uppg1,QTTNOSKSLATGQB-UHFFFAOYSA-F
aflburppa,FKTHAKABFGARQH-UHFFFAOYSA-M
kdo8p,IZZNRKJLBIYBJN-HXUQBWEZSA-K
dhor__S,UFIVEPVSAGBUSI-REOHCLBHSA-M
lac__D,JVTAAEKCZFNVCJ-UWTATZPHSA-M
2fe1s,NA
kphphhlipa,HKWVBDGTKAFRJF-UHFFFAOYSA-C
cd2,WLZRMCYVCSSEQC-UHFFFAOYSA-N
cpd03366,NA
2ohph,YGTMSXVYLRCOLD-MGDAWYEDSA-N
cpd11547,NA
dopa,VYFYYTLLBUKUHU-UHFFFAOYSA-O
acglu,RFMMMVDNIPUKGG-YFKPBYRVSA-L
fald,WSFSSNUMVMOOMR-UHFFFAOYSA-N
gthrd,RWSXRVCMGQZWBV-WDSKDSINSA-M
but2eACP,NA
trnatrp,NA
cpd02952,NA
glucys,RITKHVBHSGLULN-WHFBIAKZSA-M
cpd10558,NA
glyald,MNQZXJOMYWMBOU-VKHMYHEASA-N
cpd01140,NA
ru5p__L,FNZLKVNUWIIPSJ-CRCLSJGQSA-L
mercppyr,OJOLFAIGOXZBCI-UHFFFAOYSA-M
prfp,QOUSHGMTBIIAHR-KEOHHSTQSA-J
cpd16401,NA
prbatp,RKNHJBVBFHDXGR-KEOHHSTQSA-H
4gudbutn,TUHVEAJXIMEOSA-UHFFFAOYSA-N
2hdec9eg3p,NA
cala,JSJWCHRYRHKBBW-UHFFFAOYSA-M
cpd08739,NA
h2mb4p,MDSIZRKJVDMQOQ-GORDUTHDSA-K
rbl__L,ZAQJHHRNXZUBTE-UCORVYFPSA-N
cpd11516,NA
agdpcbi,IQTYKHRKNGVJEO-RRMAJTJESA-K
2agpe160,CKPBBEOJHAPPBT-HXUWFJFHSA-N
sql,YYGNTYWPHWGJRM-AAJYLUCBSA-N
2dda7p,PJWIPEXIFFQAQZ-PUFIMZNGSA-K
5mta,WUUGFSXJNOTRMR-IOSLPCCCSA-N
3psme,QUTYKIXIUDQOLK-PRJMDXOYSA-J
cpd11559,NA
25aics,NAQGHJTUZRHGAC-ZZZDFHIKSA-J
mmcoa__S,MZFOKIKEPGUZEN-IBNUZSNCSA-I
uaagmda,OXJNZXDFVLDLEI-MBCYCBSHSA-J
2me4p,XMWHRVNVKDKBRG-UHNVWZDZSA-L
cyart,ONQRKEUAIJMULO-SPBTXPORSA-N
cpd11439,NA
succ,KDYFGRWQOYBRFD-UHFFFAOYSA-L
Nforglu,ADZLWSMFHHHOBV-BYPYZUCNSA-L
3hhexACP,NA
acon_C,GTZCVFVGUGFEME-IWQZZHSRSA-K
cpd11546,NA
3c4mop,HIIZAGQWABAMRR-BYPYZUCNSA-L
trnaasp,NA
cpd11552,NA
co2dam,IADMSJRJSGLGJI-OKJGWHJPSA-H
acgam6p,BRGMHAYQAZFZDJ-RTRLPJTCSA-L
ura,ISAKRJDGNUQOIC-UHFFFAOYSA-N
cpd02380,NA
cpd02999,NA
TAGS,NA
cpd03205,NA
pgp161,PTJJTQQVMKSSOK-WXUKJITCSA-K
uamag,OJZCATPXPWFLHF-HPUCEMLMSA-J
cpd11513,NA
cpd10567,NA
cpd09791,NA
cpd02419,NA
4hbz,FJKROLUGYXJWQN-UHFFFAOYSA-M
10fthf,AUFGTPPARQZWDO-YPMHNXCESA-L
aspsa,HOSWPDPVFBCLSY-VKHMYHEASA-N
cys__L,XUJNEKJLAYXESH-REOHCLBHSA-N
1agpg161,NA
cpd11564,NA
cpd10536,NA
3ocmrs7eACP,NA
glu__D,WHUUTDBJXJRKMK-GSVOUGTGSA-M
cpd11511,NA
cpd03519,NA
cmp2amep,NA
cpd10501,NA
pgp160,ONJBJMDJKLHMEK-MPQUPPDSSA-K
pi,NBIIXXVUZAFLBC-UHFFFAOYSA-L
3hpcoa,BERBFZCUSMQABM-IEXPHMLFSA-J
2agpg181,NA
citr__L,RHGKLRLOHDJJDR-BYPYZUCNSA-N
ichor,NTGWPRCCOQCMGE-YUMQZZPRSA-L
dtdpglu,YSYKRGRSMLTJNL-URARBOGNSA-L
dcmp,NCMVOABPESMRCP-SHYZEUOFSA-L
cpd11504,NA
retinol,FPIPGXGPPPQFEQ-OVSJKPMPSA-N
4ppcys,XQYALQVLCNHCFT-CBAPKCEASA-K
pro__L,ONIBWKKTOPOVIA-BYPYZUCNSA-N
adpglc,WFPZSXYXPSUOPY-ROYWQJLOSA-L
t3c7mrseACP,NA
3mob,QHKABHOOEWYVLI-UHFFFAOYSA-M
paps,GACDQMDRPRGCTN-KQYNXXCUSA-J
5flura,GHASVSINZRGABV-UHFFFAOYSA-N
cpd12076,NA
2ommb,FLYBTLROCQBHMR-KFSSTAEESA-N
cpd11582,NA
RNA,NA
2mahmp,AGQJQCFEPUVXNK-UHFFFAOYSA-K
uaaGgla,ULXTYUPMJXVUHQ-OVTFQNCVSA-K
cgly,ZUKPVRWZDMRIEO-VKHMYHEASA-N
cpd02996,NA
uaaAgla,NA
g3ps,ZWZWYGMENQVNFU-UHNVWZDZSA-M
CARDIOLIPIN,NA
cpd11529,NA
prbamp,RTQMRTSPTLIIHM-KEOHHSTQSA-J
cpd03657,NA
cpd15716,NA
cpd11548,NA
gam6p,XHMJOUIAFHJHBW-IVMDWMLBSA-M
pg180,FVJZSBGHRPJMMA-IOLBBIBUSA-M
2agpe161,NA
leu__L,ROHFNLRQFUQHCH-YFKPBYRVSA-N
5pmev,OKZYCXHTTZZYSK-ZCFIWIBFSA-K
tym,DZGWFCGJZKJUFP-UHFFFAOYSA-O
cpd09804,NA
zymst,CGSJXLIKVBJVRY-XTGBIJOFSA-N
5hxkynam,JANBBPTXDKFOQR-UHFFFAOYSA-O
4h2oglt,WXSKVKPSMAHCSG-UHFFFAOYSA-L
ddca,NA
uaaAgtla,NA
c190cACP,NA
cpd15688,NA
5houdic,WHKYNCPIXMNTRQ-UHFFFAOYSA-M
hisp,CWNDERHTHMWBSI-YFKPBYRVSA-M
dmlz,SXDXRJZUAJBNFL-XKSSXDPKSA-M
cpd01956,NA
icit,ODBLHEXUDAPZAU-UHFFFAOYSA-K
cpd15680,NA
cpd03655,NA
tdcoa,DUAFKXOFBZQTQE-QSGBVPJFSA-J
thmmp,HZSAJDVWZRBGIF-UHFFFAOYSA-M
uacgam,LFTYTUAZOPRMMI-CFRASDGPSA-L
trnalys,NA
cpd10483,NA
cpd03654,NA
cpd08279,NA
cpd03351,NA
4ppan,XHFVGHPGDLDEQO-ZETCQYMHSA-K
butso3,NA
cpd11733,NA
cpd13383,NA
so3,LSNNMFCWUKXFEE-UHFFFAOYSA-L
abt__L,HEBKCHPVOIAQTA-IMJSIDKUSA-N
atp,ZKHQWZAMYRWXGA-KQYNXXCUSA-J
ditp,UFJPAQSLHAGEBL-RRKCRQDMSA-J
cpd00947,NA
trnaphe,NA
cpd15689,NA
cpd15693,NA
iad,ZOAMBXDOGPRZLP-UHFFFAOYSA-N
cpd11497,NA
cpd11514,NA
cpd18007,NA
25drapp,OCLCLRXKNJCOJD-UMMCILCDSA-L
cdpdtdec7eg,VDJIEKQUDMPHPA-WNAWUNHNSA-L
cpd02490,NA
cpd04015,NA
datp,SUYVUBYJARFZHO-RRKCRQDMSA-J
cpd12564,NA
hxan,FDGQSTZJBFJUBT-UHFFFAOYSA-N
PL,NA
2mb2coa,PMWATMXOQQZNBX-DKBZLLMOSA-J
ptd2meeta_SC,NA
2agpg120,NA
cpd12736,NA
ala_B,UCMIRNVEIXFBKS-UHFFFAOYSA-N
ind3ac,SEOVTRFCIGRIMH-UHFFFAOYSA-M
xtp,CAEFEWVYEZABLA-UUOKFMHZSA-J
cpd15681,NA
cu2,JPVYNHNXODAKFH-UHFFFAOYSA-N
cpd02972,NA
dtdp4d6dm,PSXWNITXWWECNY-LPVGZGSHSA-L
cpd11217,NA
sufbcd__4fe4s,NA
pgp140,NA
xylt,HEBKCHPVOIAQTA-SCDXWVJYSA-N
cpd04539,NA
uri,DRTQHJPVMGBUCF-XVFCMESISA-N
cpd34449,NA
cpd11591,NA
4abutn,DZQLQEYLEYWJIB-UHFFFAOYSA-O
mso3,AFVFQIVMOAPDHO-UHFFFAOYSA-M
cpd01221,NA
ptdmeeta_SC,NA
utp,PGAVKCOVUIYSFO-XVFCMESISA-J
cpd00650,NA
dcdp,FTDHDKPUHBLBTL-SHYZEUOFSA-K
gggagicolipa,DJHBKVISRABJNG-HEIPHTFDSA-C
PC,NA
ca2,BHPQYMZQTOCNFJ-UHFFFAOYSA-N
achms,FCXZBWSIAGGPCB-YFKPBYRVSA-N
nadph,ACFIXJIJDZMPPO-NNYOXOHSSA-J
ham,AVXURJPOCDRRFD-UHFFFAOYSA-N
hgbam,JJMDOVLPFPOLFZ-IPUCCYEASA-L
so4,QAOWNCQODCNURD-UHFFFAOYSA-L
ile__L,AGPKZVBTJJNPAG-WHFBIAKZSA-N
3ig3p,NQEQTYPJSIEPHW-MNOVXSKESA-L
cpd10497,NA
pphn,FPWMCUPFBRFMLH-XGAOUMNUSA-L
6pgl,IJOJIVNDFQSGAB-SQOUGZDYSA-L
cyst__L,ILRYLPWNYFXEMH-WHFBIAKZSA-N
cpd15720,NA
cpd11586,NA
cpd11475,NA
cpd00442,NA
pencil,NA
ohpb,MZJFVXDTNBHTKZ-UWTATZPHSA-K
argsuc,KDZOASGQNOPSCU-ZBHICJROSA-M
2ahethmpp,RRUVJGASJONMDY-UHFFFAOYSA-L
cpd11434,NA
ak2g_hs,NA
tcynt,ZMZDMBWJUHKJPS-UHFFFAOYSA-M
gua,UYTPUPDQBNUYGX-UHFFFAOYSA-N
ribflv,AUNGANRZJHBGPY-SCRDCRAPSA-M
34hpp,KKADPXVIOXHVKN-UHFFFAOYSA-M
cystrna,NA
cpd15678,NA
air,PDACUKOKVHBVHJ-ZRTZXPPTSA-M
lcts,GUBGYTABKSRVRQ-QKKXKWKRSA-N
cpd11549,NA
mi12356p,CTPQAXVNYGZUAJ-UOTPTPDRSA-D
3mop,JVQYSWDUAOAHFM-BYPYZUCNSA-M
cpd11587,NA
xan,LRFVTYWOQMYALW-UHFFFAOYSA-N
cpd02787,NA
cpd15029,NA
h,GPRLSGONYQIRFK-UHFFFAOYSA-N
trnaasn,NA
hexACP,NA
uama,NTMMCWJNQNKACG-KBKUWGQMSA-K
gal,WQZGKKKJIJFFOK-PHYPRBDBSA-N
ump,DJJCXFVJDGTHFX-XVFCMESISA-L
quln,GJAWHXHKYYXBSV-UHFFFAOYSA-L
cpd11767,NA
glycogen,NA
cpd12599,NA
cpd11524,NA
cpd15682,NA
pppi,UNXRWKVEANCORM-UHFFFAOYSA-I
cpd15088,NA
cbtnCCP,NA
valtrna,NA
cpd02102,NA
pydxn,LXNHXLLTXMVWPM-UHFFFAOYSA-N
cpd11534,NA
msa,OAKURXIZZOAYBC-UHFFFAOYSA-M
cpd10549,NA
PG,NA
phthr,FKHAKIJOKDGEII-GBXIJSLDSA-L
f6p,BGWGXPAPYGQALX-ARQDHWQXSA-L
2agpe141,NA
adn,OIRDTQYFTABQOQ-KQYNXXCUSA-N
kdo2lipid4,XAOLJGCZESYRFT-VHSKNIDJSA-H
pa141,NA
cpd35301,NA
cpd03660,NA
octdp,IKKLDISSULFFQO-DJMILUHSSA-K
cpd11543,NA
e4p,NGHMDNPXVRFFGS-IUYQGCFVSA-L
cpd09794,NA
sufbcd__2fe2s2,NA
cpd11851,NA
cpd00652,NA
cpd10162,NA
cpd11554,NA
cpd04017,NA
pg181,NA
pe141,NA
amet,MEFKEPWMEQBLKI-AIRLBKTGSA-O
adprib,SRNWOUGRCWSEMX-TYASJMOZSA-L
ddcaACP,NA
trnaile,NA
hcit,NA
caffcoa,QHRGJMIMHCLHRG-ZSELIEHESA-J
acser,VZXPDPZARILFQX-BYPYZUCNSA-N
2ommbl,HDSGDGSLNMIMKU-KFSSTAEESA-N
cpd02626,NA
L_alagly,CXISPYVYMQWFLE-VKHMYHEASA-N
trnamet,NA
man6p,NBSCHQHZLSJFNQ-QTVWNMPRSA-L
uaagtmda,NA
cpppg3,NIUVHXTXUXOFEB-UHFFFAOYSA-J
cpd04806,NA
cpd11496,NA
cpd25886,NA
g3pg,LLCSXHMJULHSJN-UHFFFAOYSA-M
rdmbzi,HLRUKOJSWOKCPP-SYQHCUMBSA-N
pencilca,NA
cpd15028,NA
cpd00668,NA
dmbzid,LJUQGASMPRMWIW-UHFFFAOYSA-N
phom,FXDNYOANAXWZHG-VKHMYHEASA-L
accoa,ZSLZBFCDCINBPY-ZSJPKINUSA-J
cpd16471,NA
lgt__S,VDYDCVUWILIYQF-CSMHCCOUSA-M
gdpmann,MVMSCBBUIHUTGJ-GDJBGNAASA-L
cpd11523,NA
pa181,NA
rib__D,HMFHBZSHGGEWLO-SOOFDHNKSA-N
cpd10499,NA
gal_bD,WQZGKKKJIJFFOK-FPRJBGLDSA-N
pe120,NA
3ocvac11eACP,NA
tpalm2eACP,NA
menecyart,BDHQMRXFDYJGII-UEBIAWITSA-N
lys__L,KDXKERNSBIXSRK-YFKPBYRVSA-O
1pyr5c,DWAKNKKXGALPNW-UHFFFAOYSA-M
2agpg140,NHYJQQUDLXESED-UHFFFAOYSA-M
ru5p__D,FNZLKVNUWIIPSJ-UHNVWZDZSA-L
cpd03830,NA
cpd10544,NA
occoa,KQMZYOXOBSXMII-CECATXLMSA-J
asptrna,NA
23dhmp,PDGXJDXVGMHUIR-UJURSFKZSA-M
thex2eACP,NA
cpd09434,NA
cynt,XLJMAIOERFSOGZ-UHFFFAOYSA-M
cpd11616,NA
xu5p__L,FNZLKVNUWIIPSJ-WHFBIAKZSA-L
man1p,HXXFSFRBOHSIMQ-RWOPYEJCSA-L
orn__L,AHLPHDHHMVZTML-BYPYZUCNSA-O
cpd10554,NA
cpd11503,NA
r5p,KTVPXOYAKDPRHY-AIHAYLRMSA-L
ind3acnl,DMCPFOBLJMLSNX-UHFFFAOYSA-N
23dhdp,UWOCFOFVIBZJGH-YFKPBYRVSA-L
pg140,BPHQZTVXXXJVHI-AJQTZOPKSA-M
mthgxl,AIJULSRZWUXGPQ-UHFFFAOYSA-N
icolipa,YKVGZDADLKRSPK-YRCDCJNSSA-C
cpd16365,NA
cpd01489,NA
pendp,JMVSBFJBMXQNJW-GIXZANJISA-K
cpd11544,NA
gmp,RQFCJASXJCIDSX-UUOKFMHZSA-L
s,NINIDFKCEFEMDL-UHFFFAOYSA-N
cpd03247,NA
ad,DLFVBJFMPXGRIB-UHFFFAOYSA-N
cpd11593,NA
