metname,inchikey,Canonical_SMILES
gar,OBQMLSFOUZUIOB-HJZCUYRDSA-M,C(C1C(C(C(O1)NC(=O)C[NH3+])O)O)OP(=O)([O-])[O-]
cpd09802,NA,noinchikey_inpubchem
cpd11435,NA,noinchikey_inpubchem
cpd21472,NA,noinchikey_inpubchem
pram,SKCBPEVYGOQGJN-TXICZTDVSA-M,C(C1C(C(C(O1)[NH3+])O)O)OP(=O)([O-])[O-]
gcald,WGCNASOHLSPBMP-UHFFFAOYSA-N,C(C=O)O
pan4p,JDMUPRLRUUMCTL-VIFPVBQESA-L,CC(C)(COP(=O)([O-])[O-])C(C(=O)NCCC(=O)NCCS)O
cpd25880,NA,noinchikey_inpubchem
cpd11542,NA,noinchikey_inpubchem
pg161,GHQNERCMPIDAAU-ANXSUKRNSA-M,noinchikey_inpubchem
iasp,NMUOATVLLQEYHI-UHFFFAOYSA-M,C(C(=N)C(=O)O)C(=O)[O-]
cpd25884,NA,noinchikey_inpubchem
hdeACP,NA,noinchikey_inpubchem
cpd15065,NA,noinchikey_inpubchem
clpn140,SDCJNZZAOLRVCP-GTOSQJSUSA-L,CCCCCCCCCCCCCC(=O)OCC(COP(=O)([O-])OCC(COP(=O)([O-])OCC(COC(=O)CCCCCCCCCCCCC)OC(=O)CCCCCCCCCCCCC)O)OC(=O)CCCCCCCCCCCCC
adocbi,KQXSPGAEBZWHMC-OCUXTBADSA-N,noinchikey_inpubchem
xolest_hs,NA,noinchikey_inpubchem
dctp,RGWHQCVHVJXOKC-SHYZEUOFSA-J,C1C(C(OC1N2C=CC(=NC2=O)N)COP(=O)([O-])OP(=O)([O-])OP(=O)([O-])[O-])O
3c2hmp,RNQHMTFBUSSBJQ-CRCLSJGQSA-L,CC(C)C(C(C(=O)[O-])O)C(=O)[O-]
ahdt,DGGUVLXVLHAAGT-XINAWCOVSA-J,C1C(=NC2=C(N1)NC(=NC2=O)N)C(C(COP(=O)([O-])OP(=O)([O-])OP(=O)([O-])[O-])O)O
uaccg,BEGZZYPUNCJHKP-DBYWSUQTSA-K,CC(=O)NC1C(C(C(OC1OP(=O)([O-])OP(=O)([O-])OCC2C(C(C(O2)N3C=CC(=O)NC3=O)O)O)CO)O)OC(=C)C(=O)[O-]
cpd14548,NA,noinchikey_inpubchem
cpd12322,NA,noinchikey_inpubchem
cpd12438,NA,noinchikey_inpubchem
cpd19185,NA,noinchikey_inpubchem
cpd15684,NA,noinchikey_inpubchem
ficytc,NA,noinchikey_inpubchem
fol,OVBPIULPVIDEAO-LBPRGKRZSA-L,C1=CC(=CC=C1C(=O)NC(CCC(=O)[O-])C(=O)[O-])NCC2=CN=C3C(=N2)C(=O)N=C(N3)N
cpd11560,NA,noinchikey_inpubchem
thymd,IQFYYKKMVGJFEH-XLPZGREQSA-N,CC1=CN(C(=O)NC1=O)C2CC(C(O2)CO)O
cpd15677,NA,noinchikey_inpubchem
cpd11553,NA,noinchikey_inpubchem
3ocddec5eACP,NA,noinchikey_inpubchem
tyrtrna,NA,noinchikey_inpubchem
udcpdp,NTXGVHCCXVHYCL-RDQGWRCRSA-K,CC(=CCCC(=CCCC(=CCCC(=CCCC(=CCCC(=CCCC(=CCCC(=CCCC(=CCCC(=CCCC(=CCOP(=O)([O-])OP(=O)([O-])[O-])C)C)C)C)C)C)C)C)C)C)C
cpd11636,NA,noinchikey_inpubchem
cpd11209,NA,noinchikey_inpubchem
SM_MOLECULES,NA,noinchikey_inpubchem
cpd24604,NA,noinchikey_inpubchem
cpd01921,NA,noinchikey_inpubchem
cpd10565,NA,noinchikey_inpubchem
peamn,BHHGXPLMPWCGHP-UHFFFAOYSA-O,C1=CC=C(C=C1)CC[NH3+]
fecost,SLQKYSPHBZMASJ-QKPORZECSA-N,CC(C)C(=C)CCC(C)C1CCC2C1(CCC3=C2CCC4C3(CCC(C4)O)C)C
mg2,JLVVSXFLKOJNIY-UHFFFAOYSA-N,[Mg+2]
ugmd,QUHLBZKCGUXHGP-AJVQVANPSA-J,CC(C(=O)NC(CCC(=O)NC(CCCC(C(=O)[O-])[NH3+])C(=O)[O-])C(=O)[O-])NC(=O)C(C)OC1C(C(OC(C1O)CO)OP(=O)([O-])OP(=O)([O-])OCC2C(C(C(O2)N3C=CC(=O)NC3=O)O)O)NC(=O)C
dtdprmn,ZOSQFDVXNQFKBY-CGAXJHMRSA-L,CC1C(C(C(C(O1)OP(=O)([O-])OP(=O)([O-])OCC2C(CC(O2)N3C=C(C(=O)NC3=O)C)O)O)O)O
urea,XSQUKJJJFZCRTK-UHFFFAOYSA-N,C(=O)(N)N
4adcho,OIUJHGOLFKDBSU-HTQZYQBOSA-M,C=C(C(=O)[O-])OC1C=C(C=CC1[NH3+])C(=O)[O-]
cdpdtdecg,ICFWXMWHAMIZGF-WNAWUNHNSA-L,CCCCCCCCCCCCCC(=O)OCC(COP(=O)([O-])OP(=O)([O-])OCC1C(C(C(O1)N2C=CC(=NC2=O)N)O)O)OC(=O)CCCCCCCCCCCCC
mlthf,QYNUQALWYRSVHF-OLZOCXBDSA-L,C1C2CN(CN2C3=C(N1)NC(=NC3=O)N)C4=CC=C(C=C4)C(=O)NC(CCC(=O)[O-])C(=O)[O-]
colipa,SFVRSCGTAWOHDB-JMYCZVSXSA-C,CCCCCCCCCCCCCC(=O)OC(CCCCCCCCCCC)CC(=O)OC1C(C(OC(C1OP(=O)([O-])[O-])COC2(CC(C(C(O2)C(CO)O)OC3C(C(C(C(O3)C(CO)O)OP(=O)([O-])[O-])OC4C(C(C(C(O4)C(COC5C(C(C(C(O5)C(CO)O)O)O)O)O)OP(=O)([O-])[O-])OC6C(C(C(C(O6)COC7C(C(C(C(O7)CO)O)O)O)O)OC8C(C(C(C(O8)CO)O)O)OC9C(C(C(C(O9)COC1C(C(C(C(O1)C(CO)O)O)O)O)O)O)O)O)O)O)OC1(CC(C(C(O1)C(CO)O)OC1C(C(C(C(O1)C)O)O)O)OC1(CC(C(C(O1)C(CO)O)O)O)C(=O)[O-])C(=O)[O-])C(=O)[O-])OCC1C(C(C(C(O1)OP(=O)(O)O)N=C(CC(CCCCCCCCCCC)O)[O-])OC(=O)CC(CCCCCCCCCCC)O)O)N=C(CC(CCCCCCCCCCC)OC(=O)CCCCCCCCCCC)[O-]
2dh3dgal6p,OVPRPPOVAXRCED-NQXXGFSBSA-K,C(C(C(COP(=O)([O-])[O-])O)O)C(=O)C(=O)[O-]
cpd03658,NA,noinchikey_inpubchem
5flurimp,RNBMPPYRHNWTMA-UAKXSSHOSA-L,C1=C(C(=O)NC(=O)N1C2C(C(C(O2)COP(=O)([O-])[O-])O)O)F
metsox_S__L,QEFRNWWLZKMPFJ-YGVKFDHGSA-N,CS(=O)CCC(C(=O)O)N
dad_5,XGYIMTFOTBMPFP-KQYNXXCUSA-N,CC1C(C(C(O1)N2C=NC3=C(N=CN=C32)N)O)O
pe160,SLKDGVPOSSLUAI-PGUFJCEWSA-N,CCCCCCCCCCCCCCCC(=O)OCC(COP(=O)(O)OCCN)OC(=O)CCCCCCCCCCCCCCC
pyr,LCTONWCANYUPML-UHFFFAOYSA-M,CC(=O)C(=O)[O-]
4mpetz,OCYMERZCMYJQQO-UHFFFAOYSA-L,CC1=C(SC=N1)CCOP(=O)([O-])[O-]
aa,HRPVXLWXLXDGHG-UHFFFAOYSA-N,C=CC(=O)N
indole,SIKJAQJRHWYJAI-UHFFFAOYSA-N,C1=CC=C2C(=C1)C=CN2
glu5p,PJRXVIJAERNUIP-VKHMYHEASA-L,C(CC(=O)OP(=O)([O-])[O-])C(C(=O)[O-])[NH3+]
pa180,YFWHNAWEOZTIPI-DIPNUNPCSA-L,CCCCCCCCCCCCCCCCCC(=O)OCC(COP(=O)([O-])[O-])OC(=O)CCCCCCCCCCCCCCCCC
t3c5ddeceACP,NA,noinchikey_inpubchem
ttc_ggdp,NA,noinchikey_inpubchem
cpd02172,NA,noinchikey_inpubchem
dgsn,YKBGVTZYEHREMT-KVQBGUIXSA-N,C1C(C(OC1N2C=NC3=C2NC(=NC3=O)N)CO)O
cpd09790,NA,noinchikey_inpubchem
ocACP,NA,noinchikey_inpubchem
nicrnt,JOUIQRNQJGXQDC-ZYUZMQFOSA-L,C1=CC(=C[N+](=C1)C2C(C(C(O2)COP(=O)([O-])[O-])O)O)C(=O)[O-]
cpd11537,NA,noinchikey_inpubchem
uaGgla,SULOOAFLXMQJSF-OGDYFQGPSA-K,CC(C(=O)NC(CCC(=O)NC(CCCC[NH3+])C(=O)NC(C)C(=O)NC(C)C(=O)[O-])C(=O)[O-])NC(=O)C(C)OC1C(C(OC(C1O)CO)OP(=O)([O-])OP(=O)([O-])OCC=C(C)CCC=C(C)CCC=C(C)CCC=C(C)CCC=C(C)CCC=C(C)CCC=C(C)CCC=C(C)CCC=C(C)CCC=C(C)CCC=C(C)C)NC(=O)C
nmn,DAYLJWODMCOQEW-TURQNECASA-M,C1=CC(=C[N+](=C1)C2C(C(C(O2)COP(=O)([O-])[O-])O)O)C(=O)N
cpd04167,NA,noinchikey_inpubchem
cpd11555,NA,noinchikey_inpubchem
cpd12640,NA,noinchikey_inpubchem
ethso3,CCIVGXIOQKPBKL-UHFFFAOYSA-M,CCS(=O)(=O)[O-]
pa161,NA,noinchikey_inpubchem
trnacys,NA,noinchikey_inpubchem
lpam,FCCDDURTIIUXBY-SSDOTTSWSA-N,C1CSSC1CCCCC(=O)N
butACP,NA,noinchikey_inpubchem
cpd03365,NA,noinchikey_inpubchem
cdpg,PZJOIILIPTVGFU-UWTATZPHSA-K,C1C(OP(=O)(OP(=O)(O1)[O-])[O-])C(=O)[O-]
cpd12572,NA,noinchikey_inpubchem
mi4p__D,INAPMGSXUVUWAF-CNWJWELYSA-L,noinchikey_inpubchem
meoh,OKKJLVBELUTLKV-UHFFFAOYSA-N,CO
rbflvrd,SGSVWAYHEWEQET-SCRDCRAPSA-N,CC1=CC2=C(C=C1C)N(C3=C(N2)C(=O)NC(=O)N3)CC(C(C(CO)O)O)O
uaaGgtla,CALJPWOWZPDIQK-PRHZHQPTSA-L,CC(C(=O)NC(CCC(=O)NC(CCCC[NH3+])C(=O)NC(C)C(=O)NC(C)C(=O)[O-])C(=O)N)NC(=O)C(C)OC1C(C(OC(C1OC2C(C(C(C(O2)CO)O)O)NC(=O)C)CO)OP(=O)([O-])OP(=O)([O-])OCC=C(C)CCC=C(C)CCC=C(C)CCC=C(C)CCC=C(C)CCC=C(C)CCC=C(C)CCC=C(C)CCC=C(C)CCC=C(C)CCC=C(C)C)NC(=O)C
betald,SXKNCCSPZDCRFD-UHFFFAOYSA-N,C[N+](C)(C)CC=O
2amac,UQBOJOOOTLPNST-UHFFFAOYSA-N,C=C(C(=O)O)N
akg,KPGXRSRHYNQIFN-UHFFFAOYSA-L,C(CC(=O)[O-])C(=O)C(=O)[O-]
gg4abut,MKYPKZSGLSOGLL-LURJTMIESA-M,C(CC(=O)[O-])CNC(=O)CCC(C(=O)[O-])[NH3+]
s7p,JDTUMPKOJBQPKX-GBNDHIKLSA-L,C(C(C(C(C(C(=O)CO)O)O)O)O)OP(=O)([O-])[O-]
3ocpalm9eACP,NA,noinchikey_inpubchem
dtdp,UJLXYODCHAELLY-XLPZGREQSA-K,CC1=CN(C(=O)NC1=O)C2CC(C(O2)COP(=O)([O-])OP(=O)([O-])[O-])O
cpd03199,NA,noinchikey_inpubchem
34dhphe,NA,noinchikey_inpubchem
din,VGONTNSXDCQUGY-RRKCRQDMSA-N,C1C(C(OC1N2C=NC3=C2NC=NC3=O)CO)O
cpppg1,WIUGGJKHYQIGNH-UHFFFAOYSA-J,CC1=C2CC3=C(C(=C(N3)CC4=C(C(=C(N4)CC5=C(C(=C(N5)CC(=C1CCC(=O)[O-])N2)C)CCC(=O)[O-])C)CCC(=O)[O-])C)CCC(=O)[O-]
2agpe140,DDUZNLUWXLYPCP-UHFFFAOYSA-N,CCCCCCCCCCCCCC(=O)OC(CO)COP(=O)(O)OCCN
cpd03280,NA,noinchikey_inpubchem
cpd09351,NA,noinchikey_inpubchem
3ophb,UTIBHEBNILDQKX-LQOKPSQISA-M,CC(=CCCC(=CCCC(=CCCC(=CCCC(=CCCC(=CCCC(=CCCC(=CCC1=C(C=CC(=C1)C(=O)[O-])O)C)C)C)C)C)C)C)C
gmhep17bp,LMTGTTLGDUACSJ-NNPWBXLPSA-J,C(C(C1C(C(C(C(O1)OP(=O)([O-])[O-])O)O)O)O)OP(=O)([O-])[O-]
cpd00049,NA,noinchikey_inpubchem
cpd02414,NA,noinchikey_inpubchem
glc__D,WQZGKKKJIJFFOK-GASJEMHNSA-N,C(C1C(C(C(C(O1)O)O)O)O)O
5aop,ZGXJTSGNIOSYLO-UHFFFAOYSA-N,C(CC(=O)O)C(=O)CN
cpd15066,NA,noinchikey_inpubchem
pac,WLJVXDMOQOGPHL-UHFFFAOYSA-M,C1=CC=C(C=C1)CC(=O)[O-]
cpd11517,NA,noinchikey_inpubchem
2agpe180,KIHAGWUUUHJRMS-JOCHJYFZSA-N,CCCCCCCCCCCCCCCCCC(=O)OC(CO)COP(=O)(O)OCCN
cpd01736,NA,noinchikey_inpubchem
sertrna,NA,noinchikey_inpubchem
cpd09792,NA,noinchikey_inpubchem
anhgm,NA,noinchikey_inpubchem
trnaglu,NA,noinchikey_inpubchem
cpd01663,NA,noinchikey_inpubchem
udg,VTFWFHCECSOPSX-UHFFFAOYSA-N,C(C(=O)O)(N)NC(=O)N
minohp,IMQLKJBTEOYOSI-GPIVLXJGSA-B,noinchikey_inpubchem
hmgcoa,CABVTRNMFUVUDM-SJBCKIPMSA-I,noinchikey_inpubchem
cpd11522,NA,noinchikey_inpubchem
imp,GRSZFWQUAKGDAV-KQYNXXCUSA-L,C1=NC(=O)C2=C(N1)N(C=N2)C3C(C(C(O3)COP(=O)([O-])[O-])O)O
cpd15694,NA,noinchikey_inpubchem
cpd11476,NA,noinchikey_inpubchem
apg160,BSAFHIMUDGXOPA-OKPYTHRESA-M,CCCCCCCCCCCCCCCC(=O)OCC(COP(=O)([O-])OCC(COC(=O)CCCCCCCCCCCCCCC)OC(=O)CCCCCCCCCCCCCCC)O
2omhmbl,QURLIMHPCRKMJP-WDXILIIOSA-N,CC1=C(C(=C(C(=C1O)O)OC)O)CC=C(C)CCC=C(C)CCC=C(C)CCC=C(C)CCC=C(C)CCC=C(C)CCC=C(C)CCC=C(C)C
pg141,NA,noinchikey_inpubchem
cpd15674,NA,noinchikey_inpubchem
odecoa,NA,noinchikey_inpubchem
cpd14796,NA,noinchikey_inpubchem
phpyr,BTNMPGBKDVTSJY-UHFFFAOYSA-M,C1=CC=C(C=C1)CC(=O)C(=O)[O-]
frdp,VWFJDQUYCIWHTN-YFVJMOTDSA-K,CC(=CCCC(=CCCC(=CCOP(=O)([O-])OP(=O)([O-])[O-])C)C)C
suc6p,PJTTXANTBQDXME-UGDNZRGBSA-L,C(C1C(C(C(C(O1)OC2(C(C(C(O2)COP(=O)([O-])[O-])O)O)CO)O)O)O)O
histd,ZQISRDCJNBUVMM-YFKPBYRVSA-O,C1=C(NC=N1)CC(CO)[NH3+]
cpd01301,NA,noinchikey_inpubchem
cpd10488,NA,noinchikey_inpubchem
cpd00361,NA,noinchikey_inpubchem
cpd15718,NA,noinchikey_inpubchem
pad,LSBDFXRDZJMBSC-UHFFFAOYSA-N,C1=CC=C(C=C1)CC(=O)N
5fthf,VVIAGPKUTFNRDU-STQMWFEESA-L,C1C(N(C2=C(N1)NC(=NC2=O)N)C=O)CNC3=CC=C(C=C3)C(=O)NC(CCC(=O)[O-])C(=O)[O-]
3uib,PHENTZNALBMCQD-UHFFFAOYSA-M,CC(CNC(=O)N)C(=O)[O-]
2ombz,AFTBILPWMUSGIN-MYCGWMCTSA-N,CC(=CCCC(=CCCC(=CCCC(=CCCC(=CCCC(=CCCC(=CCCC(=CCC1=CC(=O)C=C(C1=O)OC)C)C)C)C)C)C)C)C
hlipa,HPDZKCJEWNZSML-YOZKHJKSSA-H,CCCCCCCCCCCCCC(=O)OC(CCCCCCCCCCC)CC(=O)OC1C(C(OC(C1OP(=O)([O-])[O-])COC2(CC(C(C(O2)C(CO)O)OC3C(C(C(C(O3)C(CO)O)O)O)O)OC4(CC(C(C(O4)C(CO)O)O)O)C(=O)[O-])C(=O)[O-])OCC5C(C(C(C(O5)OP(=O)([O-])[O-])NC(=O)CC(CCCCCCCCCCC)O)OC(=O)CC(CCCCCCCCCCC)O)O)NC(=O)CC(CCCCCCCCCCC)OC(=O)CCCCCCCCCCC
grdp,GVVPGTZRZFNKDS-JXMROGBWSA-K,CC(=CCCC(=CCOP(=O)([O-])OP(=O)([O-])[O-])C)C
phe__L,COLNVLDHVKWLRT-QMMMGPOBSA-N,C1=CC=C(C=C1)CC(C(=O)O)N
cpd11502,NA,noinchikey_inpubchem
cpd10548,NA,noinchikey_inpubchem
udpglcur,HDYANYHVCAPMJV-LXQIFKJMSA-K,C1=CN(C(=O)NC1=O)C2C(C(C(O2)COP(=O)([O-])OP(=O)([O-])OC3C(C(C(C(O3)C(=O)[O-])O)O)O)O)O
3opalmACP,NA,noinchikey_inpubchem
leutrna,NA,noinchikey_inpubchem
3hbutACP,NA,noinchikey_inpubchem
ps181,NA,noinchikey_inpubchem
cpd25879,NA,noinchikey_inpubchem
trnatyr,NA,noinchikey_inpubchem
trnaarg,NA,noinchikey_inpubchem
uppg3,HUHWZXWWOFSFKF-UHFFFAOYSA-F,C1C2=C(C(=C(N2)CC3=C(C(=C(N3)CC4=C(C(=C(N4)CC5=C(C(=C1N5)CCC(=O)[O-])CC(=O)[O-])CC(=O)[O-])CCC(=O)[O-])CC(=O)[O-])CCC(=O)[O-])CC(=O)[O-])CCC(=O)[O-]
psqldp,ATZKAUGGNMSCCY-VYCBRMPGSA-K,CC(=CCCC(=CCCC(=CC1C(C1(C)CCC=C(C)CCC=C(C)C)COP(=O)([O-])OP(=O)([O-])[O-])C)C)C
cpd11550,NA,noinchikey_inpubchem
cpd03666,NA,noinchikey_inpubchem
cpd11566,NA,noinchikey_inpubchem
cpd11501,NA,noinchikey_inpubchem
cpd03659,NA,noinchikey_inpubchem
3ooctACP,NA,noinchikey_inpubchem
o2s,OUUQCZGPVNCOIJ-UHFFFAOYSA-M,[O-][O]
amob,UOKVQQMBGVMXPU-CJPDYEHRSA-N,C[S+](CCC(=O)C(=O)[O-])CC1C(C(C(O1)N2C=NC3=C(N=CN=C32)N)O)O
dad_2,OLXZPDWKRNYJJZ-RRKCRQDMSA-N,C1C(C(OC1N2C=NC3=C(N=CN=C32)N)CO)O
udpgal,HSCJRCZFDFQWRP-ABVWGUQPSA-L,C1=CN(C(=O)NC1=O)C2C(C(C(O2)COP(=O)([O-])OP(=O)([O-])OC3C(C(C(C(O3)CO)O)O)O)O)O
pmtcoa,MNBKLUUYKPBKDU-BBECNAHFSA-J,CCCCCCCCCCCCCCCC(=O)SCCNC(=O)CCNC(=O)C(C(C)(C)COP(=O)([O-])OP(=O)([O-])OCC1C(C(C(O1)N2C=NC3=C(N=CN=C32)N)O)OP(=O)([O-])[O-])O
ttdca,NA,noinchikey_inpubchem
cpd03706,NA,noinchikey_inpubchem
cpd11508,NA,noinchikey_inpubchem
cpd10568,NA,noinchikey_inpubchem
arg__L,ODKSFYDXXFIFQN-BYPYZUCNSA-O,C(CC(C(=O)[O-])[NH3+])C[NH+]=C(N)N
cpd11570,NA,noinchikey_inpubchem
cpd11535,NA,noinchikey_inpubchem
cpd10503,NA,noinchikey_inpubchem
cpd05546,NA,noinchikey_inpubchem
cpd11206,NA,noinchikey_inpubchem
5forthf,YCWUVLPMLLBDCU-STQMWFEESA-L,C1C(N(C2=C(N1)NC(=NC2=O)N)C=N)CNC3=CC=C(C=C3)C(=O)NC(CCC(=O)[O-])C(=O)[O-]
ps141,NA,noinchikey_inpubchem
2p4c2me,HTJXTKBIUVFUAR-XHIBXCGHSA-J,CC(CO)(C(COP(=O)([O-])OP(=O)([O-])OCC1C(C(C(O1)N2C=CC(=NC2=O)N)O)O)O)OP(=O)([O-])[O-]
chor,WTFXTQVDAKGDEY-HTQZYQBOSA-L,C=C(C(=O)[O-])OC1C=C(C=CC1O)C(=O)[O-]
dxyl5p,AJPADPZSRRUGHI-RFZPGFLSSA-L,CC(=O)C(C(COP(=O)([O-])[O-])O)O
cpd11530,NA,noinchikey_inpubchem
HOPANOIDS,NA,noinchikey_inpubchem
glyc3p,AWUCVROLDVIAJX-GSVOUGTGSA-L,C(C(COP(=O)([O-])[O-])O)O
lipopb,NA,noinchikey_inpubchem
3ohexACP,NA,noinchikey_inpubchem
cpd02603,NA,noinchikey_inpubchem
suchms,GNISQJGXJIDKDJ-YFKPBYRVSA-M,C(COC(=O)CCC(=O)[O-])C(C(=O)[O-])[NH3+]
2pg,GXIURPTVHJPJLF-UWTATZPHSA-K,C(C(C(=O)[O-])OP(=O)([O-])[O-])O
cpd01560,NA,noinchikey_inpubchem
dump,JSRLJPSBLDHEIO-SHYZEUOFSA-L,C1C(C(OC1N2C=CC(=O)NC2=O)COP(=O)([O-])[O-])O
cpd21488,NA,noinchikey_inpubchem
fdxrd,NA,noinchikey_inpubchem
cpd14547,NA,noinchikey_inpubchem
cpd11528,NA,noinchikey_inpubchem
2agpg141,NA,noinchikey_inpubchem
5odhf2a,ZPEHSARSWGDCEX-UHFFFAOYSA-M,C1C=C(OC1=O)CC(=O)[O-]
4gudbd,YHVFECVVGNXFKO-UHFFFAOYSA-O,C(CC(=O)N)C[NH+]=C(N)N
dtbt,AUTOLBMXDDTRRT-UHFFFAOYSA-M,CC1C(NC(=O)N1)CCCCCC(=O)[O-]
orot,PXQPEWDEAKTCGB-UHFFFAOYSA-M,C1=C(NC(=O)NC1=O)C(=O)[O-]
cholcoaone,NA,noinchikey_inpubchem
cpd10489,NA,noinchikey_inpubchem
cpd11565,NA,noinchikey_inpubchem
pe161,NA,noinchikey_inpubchem
prpp,PQGCEDQWHSBAJP-TXICZTDVSA-I,C(C1C(C(C(O1)OP(=O)([O-])OP(=O)([O-])[O-])O)O)OP(=O)([O-])[O-]
cpd15676,NA,noinchikey_inpubchem
cpd03211,NA,noinchikey_inpubchem
trnaleu,NA,noinchikey_inpubchem
mi1p__D,INAPMGSXUVUWAF-UOTPTPDRSA-L,noinchikey_inpubchem
5dh4dglc,QUURPCHWPQNNGL-ZAFYKAAXSA-L,C(C(C(C(=O)[O-])O)O)C(=O)C(=O)[O-]
trnathr,NA,noinchikey_inpubchem
phetrna,NA,noinchikey_inpubchem
cpd09811,NA,noinchikey_inpubchem
tdeACP,NA,noinchikey_inpubchem
cpd01447,NA,noinchikey_inpubchem
cpd03187,NA,noinchikey_inpubchem
dcacoa,NA,noinchikey_inpubchem
cpd04058,NA,noinchikey_inpubchem
2hdecg3p,NA,noinchikey_inpubchem
thr__L,AYFVYJQAPQTCCC-GBXIJSLDSA-N,CC(C(C(=O)O)N)O
Lcyst,XVOYSCVBGLVSOL-REOHCLBHSA-M,C(C(C(=O)[O-])[NH3+])S(=O)(=O)[O-]
10fthfglu__L,BHBZPCBOCZGPTF-UHFFFAOYSA-L,noinchikey_inpubchem
tyr__L,OUYCCCASQSFEME-QMMMGPOBSA-N,C1=CC(=CC=C1CC(C(=O)O)N)O
focytc,NA,noinchikey_inpubchem
udpg,HSCJRCZFDFQWRP-RDKQLNKOSA-L,C1=CN(C(=O)NC1=O)C2C(C(C(O2)COP(=O)([O-])OP(=O)([O-])OC3C(C(C(C(O3)CO)O)O)O)O)O
cpd11518,NA,noinchikey_inpubchem
xol7ah3,NA,noinchikey_inpubchem
cholcoa,NA,noinchikey_inpubchem
cpd15605,NA,noinchikey_inpubchem
sbt__D,FBPFZTCFMRRESA-JGWLITMVSA-N,C(C(C(C(C(CO)O)O)O)O)O
cpd16402,NA,noinchikey_inpubchem
cytd,UHDGCWIWMRVCDJ-XVFCMESISA-N,C1=CN(C(=O)N=C1N)C2C(C(C(O2)CO)O)O
ppp9,KSFOVUSSGSKXFI-UJJXFSCMSA-L,noinchikey_inpubchem
cpd15679,NA,noinchikey_inpubchem
dtmp,GYOZYWVXFNDGLU-XLPZGREQSA-L,CC1=CN(C(=O)NC1=O)C2CC(C(O2)COP(=O)([O-])[O-])O
2tdecg3p,NA,noinchikey_inpubchem
dmtphllqne,UDYIPZFWVJJQJF-KQPZCCJBSA-N,CC(C)CCCC(C)CCCC(C)CCCC(=CCC1=CC(=O)C2=CC=CC=C2C1=O)C
cbl2,ASARMUCNOOHMLO-FSANSEACSA-N,noinchikey_inpubchem
uagmda,PNWZQTONLRRPST-KLDRQJOASA-J,CC(C(=O)NC(CCC(=O)NC(CCCC(C(=O)[O-])[NH3+])C(=O)NC(C)C(=O)NC(C)C(=O)[O-])C(=O)[O-])NC(=O)C(C)OC1C(C(OC(C1O)CO)OP(=O)([O-])OP(=O)([O-])OCC=C(C)CCC=C(C)CCC=C(C)CCC=C(C)CCC=C(C)CCC=C(C)CCC=C(C)CCC=C(C)CCC=C(C)CCC=C(C)CCC=C(C)C)NC(=O)C
etoh,LFQSCWFLJHTTHZ-UHFFFAOYSA-N,CCO
dgmp,LTFMZDNNPPEQNG-KVQBGUIXSA-L,C1C(C(OC1N2C=NC3=C2NC(=NC3=O)N)COP(=O)([O-])[O-])O
bz,WPYMKLBDIGXBTP-UHFFFAOYSA-M,C1=CC=C(C=C1)C(=O)[O-]
cpd16329,NA,noinchikey_inpubchem
fdxox,NA,noinchikey_inpubchem
dutp,AHCYMLUZIRLXAA-SHYZEUOFSA-J,C1C(C(OC1N2C=CC(=O)NC2=O)COP(=O)([O-])OP(=O)([O-])OP(=O)([O-])[O-])O
trypta,APJYDQYYACXCRM-UHFFFAOYSA-O,C1=CC=C2C(=C1)C(=CN2)CC[NH3+]
ggdp,OINNEUNVOZHBOX-QIRCYJPOSA-K,CC(=CCCC(=CCCC(=CCCC(=CCOP(=O)([O-])OP(=O)([O-])[O-])C)C)C)C
octapb,NA,noinchikey_inpubchem
cpd01357,NA,noinchikey_inpubchem
lipa,DIXUKJUHGLIZGU-OIPVZEHTSA-H,CCCCCCCCCCCCCC(=O)OC(CCCCCCCCCCC)CC(=O)OC1C(C(OC(C1OP(=O)([O-])[O-])COC2(CC(C(C(O2)C(CO)O)O)OC3(CC(C(C(O3)C(CO)O)O)O)C(=O)[O-])C(=O)[O-])OCC4C(C(C(C(O4)OP(=O)([O-])[O-])NC(=O)CC(CCCCCCCCCCC)O)OC(=O)CC(CCCCCCCCCCC)O)O)NC(=O)CC(CCCCCCCCCCC)OC(=O)CCCCCCCCCCC
glntrna,NA,noinchikey_inpubchem
cpd11505,NA,noinchikey_inpubchem
ps140,NA,noinchikey_inpubchem
ins,UGQMRVRMYYASKQ-KQYNXXCUSA-N,C1=NC(=O)C2=C(N1)N(C=N2)C3C(C(C(O3)CO)O)O
xol7ah2al,NA,noinchikey_inpubchem
cpd11592,NA,noinchikey_inpubchem
td2coa,MBCVYCOKMMMWLX-YYMFEJJQSA-J,CCCCCCCCCCCC=CC(=O)SCCN=C(CCN=C(C(C(C)(C)COP(=O)(O)OP(=O)(O)OCC1C(C(C(O1)N2C=NC3=C(N=CN=C32)N)O)OP(=O)([O-])[O-])O)[O-])[O-]
cpd08707,NA,noinchikey_inpubchem
cdpdddecg,NA,noinchikey_inpubchem
orot5p,KYOBSHFOBAOFBF-XVFCMESISA-K,C1=C(N(C(=O)NC1=O)C2C(C(C(O2)COP(=O)([O-])[O-])O)O)C(=O)[O-]
cpd03646,NA,noinchikey_inpubchem
cit,KRKNYBCHXYNGOX-UHFFFAOYSA-K,C(C(=O)[O-])C(CC(=O)[O-])(C(=O)[O-])O
cpd11584,NA,noinchikey_inpubchem
dadp,DAEAPNUQQAICNR-RRKCRQDMSA-K,C1C(C(OC1N2C=NC3=C(N=CN=C32)N)COP(=O)([O-])OP(=O)([O-])[O-])O
dgdp,CIKGWCTVFSRMJU-KVQBGUIXSA-K,C1C(C(OC1N2C=NC3=C2NC(=NC3=O)N)COP(=O)([O-])OP(=O)([O-])[O-])O
cpd11437,NA,noinchikey_inpubchem
cpd24682,NA,noinchikey_inpubchem
acetol,XLSMFKSTNGKWQX-UHFFFAOYSA-N,CC(=O)CO
cdp,ZWIADYZPOWUWEW-XVFCMESISA-K,C1=CN(C(=O)N=C1N)C2C(C(C(O2)COP(=O)([O-])OP(=O)([O-])[O-])O)O
cpd11498,NA,noinchikey_inpubchem
cpd00445,NA,noinchikey_inpubchem
26dap_LL,GMKMEZVLHJARHF-WHFBIAKZSA-N,C(CC(C(=O)O)N)CC(C(=O)O)N
preq0,FMKSMYDYKXQYRV-UHFFFAOYSA-N,C1=C(C2=C(N1)NC(=NC2=O)N)C#N
cpd11835,NA,noinchikey_inpubchem
PHOSPHOLIPIDS,NA,noinchikey_inpubchem
btcoa,CRFNGMNYKDXRTN-CITAKDKDSA-J,CCCC(=O)SCCNC(=O)CCNC(=O)C(C(C)(C)COP(=O)([O-])OP(=O)([O-])OCC1C(C(C(O1)N2C=NC3=C(N=CN=C32)N)O)OP(=O)([O-])[O-])O
dcamp,OFBHPPMPBOJXRT-DPXQIYNJSA-J,C1=NC(=C2C(=N1)N(C=N2)C3C(C(C(O3)COP(=O)([O-])[O-])O)O)NC(CC(=O)[O-])C(=O)[O-]
hcys__L,FFFHZYDWPBMWHY-UHFFFAOYSA-N,C(CS)C(C(=O)O)N
4ampm,SSWDVESQMBHOQT-UHFFFAOYSA-N,noinchikey_inpubchem
acryl,NIXOWILDQLNWCW-UHFFFAOYSA-M,C=CC(=O)[O-]
ugmda,IMWOXEZVYQDRDF-MCZXNMLPSA-J,CC(C(=O)NC(CCC(=O)NC(CCCC(C(=O)[O-])[NH3+])C(=O)NC(C)C(=O)NC(C)C(=O)[O-])C(=O)[O-])NC(=O)C(C)OC1C(C(OC(C1O)CO)OP(=O)([O-])OP(=O)([O-])OCC2C(C(C(O2)N3C=CC(=O)NC3=O)O)O)NC(=O)C
PEPTIDOGLYCAN,NA,noinchikey_inpubchem
pran,PMFMJXPRNJUYMB-GWOFURMSSA-K,C1=CC=C(C(=C1)C(=O)[O-])NC2C(C(C(O2)COP(=O)([O-])[O-])O)O
2ddg6p,OVPRPPOVAXRCED-WVZVXSGGSA-K,C(C(C(COP(=O)([O-])[O-])O)O)C(=O)C(=O)[O-]
mn2,WAEMQWOKJMHJLA-UHFFFAOYSA-N,[Mn+2]
tsul,DHCDFWKWKRSZHF-UHFFFAOYSA-M,OS(=O)(=S)[O-]
cpd12044,NA,noinchikey_inpubchem
pc_SC,NA,noinchikey_inpubchem
34dhoxpeg,MTVWFVDWRVYDOR-UHFFFAOYSA-N,C1=CC(=C(C=C1C(CO)O)O)O
thbhaga,NA,noinchikey_inpubchem
sufse,NA,noinchikey_inpubchem
pgp141,NA,noinchikey_inpubchem
iletrna,NA,noinchikey_inpubchem
cpd04105,NA,noinchikey_inpubchem
hdca,IPCSVZSSVZVIGE-UHFFFAOYSA-M,CCCCCCCCCCCCCCCC(=O)[O-]
2ippm,NJMGRJLQRLFQQX-HYXAFXHYSA-L,CC(C)C(=CC(=O)[O-])C(=O)[O-]
2agpe181,NA,noinchikey_inpubchem
2ahhmd,FCQGJGLSOWZZON-UHFFFAOYSA-L,noinchikey_inpubchem
ala__D,QNAYBMKLOCPYGJ-UWTATZPHSA-N,CC(C(=O)O)N
cpd06707,NA,noinchikey_inpubchem
cpd11557,NA,noinchikey_inpubchem
g3pe,JZNWSCPGTDBMEW-YFKPBYRVSA-N,C(COP(=O)(O)OCC(CO)O)N
octa,WWZKQHOCKIZLMA-UHFFFAOYSA-M,CCCCCCCC(=O)[O-]
thrtrna,NA,noinchikey_inpubchem
pe180,LVNGJLRDBYCPGB-LDLOPFEMSA-N,CCCCCCCCCCCCCCCCCC(=O)OCC(COP(=O)(O)OCCN)OC(=O)CCCCCCCCCCCCCCCCC
2ameph,QQVDJLLNRSOCEL-UHFFFAOYSA-N,C(CP(=O)(O)O)N
imacp,YCFFMSOLUMRAMD-UHFFFAOYSA-L,C1=C(NC=N1)CC(=O)COP(=O)([O-])[O-]
hx2coa,OINXHIBNZUUIMR-IXUYQXAASA-J,CCCC=CC(=O)SCCNC(=O)CCNC(=O)C(C(C)(C)COP(=O)([O-])OP(=O)([O-])OCC1C(C(C(O1)N2C=NC3=C(N=CN=C32)N)O)OP(=O)([O-])[O-])O
hhlipa,HHPCMWTVGVTYIC-CFEULOSXSA-H,CCCCCCCCCCCCCC(=O)OC(CCCCCCCCCCC)CC(=O)OC1C(C(OC(C1OP(=O)([O-])[O-])COC2(CC(C(C(O2)C(CO)O)OC3C(C(C(C(O3)C(CO)O)O)OC4C(C(C(C(O4)C(CO)O)O)O)O)O)OC5(CC(C(C(O5)C(CO)O)O)O)C(=O)[O-])C(=O)[O-])OCC6C(C(C(C(O6)OP(=O)([O-])[O-])NC(=O)CC(CCCCCCCCCCC)O)OC(=O)CC(CCCCCCCCCCC)O)O)NC(=O)CC(CCCCCCCCCCC)OC(=O)CCCCCCCCCCC
34dhmald,YUGMCLJIWGEKCK-UHFFFAOYSA-N,C1=CC(=C(C=C1C(C=O)O)O)O
argtrna,NA,noinchikey_inpubchem
cpd01047,NA,noinchikey_inpubchem
cpd12379,NA,noinchikey_inpubchem
cpd15166,NA,noinchikey_inpubchem
h2o,XLYOFNOQVPJJNP-UHFFFAOYSA-N,O
pnto__R,GHOKWGTUZJEAQD-ZETCQYMHSA-M,CC(C)(CO)C(C(=O)NCCC(=O)[O-])O
cpd12458,NA,noinchikey_inpubchem
k,NPYPAHLBTDXSSS-UHFFFAOYSA-N,[K+]
CARBOHYDRATES,NA,noinchikey_inpubchem
ppi,XPPKVPWEQAFLFU-UHFFFAOYSA-K,OP(=O)([O-])OP(=O)([O-])[O-]
alaala,DEFJQIDDEAULHB-QWWZWVQMSA-N,CC(C(=O)NC(C)C(=O)O)N
25dop,NA,noinchikey_inpubchem
s17bp,OKHXOUGRECCASI-SHUUEZRQSA-J,C(C(C(C(C(C(=O)COP(=O)([O-])[O-])O)O)O)O)OP(=O)([O-])[O-]
56dura,OIVLITBTBDPEFK-UHFFFAOYSA-N,C1CNC(=O)NC1=O
hpglu,RXWVHRYZTWZATH-XSLAGTTESA-J,C1C(NC2=C(N1)NC(=NC2=O)N)CNC3=CC=C(C=C3)C(=O)NC(CCC(=O)NC(CCC(=O)NC(CCC(=O)[O-])C(=O)[O-])C(=O)[O-])C(=O)[O-]
fgam,VDXLUNDMVKSKHO-ZRTZXPPTSA-L,C(C1C(C(C(O1)NC(=O)CNC=O)O)O)OP(=O)([O-])[O-]
trdox,NA,noinchikey_inpubchem
pydx,RADKZDMFGJYCBB-UHFFFAOYSA-N,CC1=NC=C(C(=C1O)C=O)CO
cpd03424,NA,noinchikey_inpubchem
cpd12496,NA,noinchikey_inpubchem
gsn,NYHBQMYGNKIUIF-UUOKFMHZSA-N,C1=NC2=C(N1C3C(C(C(O3)CO)O)O)NC(=NC2=O)N
t3c9palmeACP,NA,noinchikey_inpubchem
thbhet,NA,noinchikey_inpubchem
3hcpalm9eACP,NA,noinchikey_inpubchem
sl26da,GLXUWZBUPATPBR-BQBZGAKWSA-L,C(CC(C(=O)[O-])[NH3+])CC(C(=O)[O-])NC(=O)CCC(=O)[O-]
allphn,AVWRKZWQTYIKIY-UHFFFAOYSA-M,C(=O)(N)NC(=O)[O-]
1tdec7eg3p,NA,noinchikey_inpubchem
fprica,ABCOOORLYAOBOZ-KQYNXXCUSA-L,C1=NC(=C(N1C2C(C(C(O2)COP(=O)([O-])[O-])O)O)NC=O)C(=O)N
cpd11540,NA,noinchikey_inpubchem
cpd11580,NA,noinchikey_inpubchem
lipidA,KVJWZTLXIROHIL-QDORLFPLSA-J,CCCCCCCCCCCC(CC(=O)NC1C(C(C(OC1OP(=O)([O-])[O-])COC2C(C(C(C(O2)CO)OP(=O)([O-])[O-])OC(=O)CC(CCCCCCCCCCC)O)NC(=O)CC(CCCCCCCCCCC)O)O)OC(=O)CC(CCCCCCCCCCC)O)O
1odecg3p,LAYXSTYJRSVXIH-HXUWFJFHSA-L,CCCCCCCCCCCCCCCCCC(=O)OCC(COP(=O)([O-])[O-])O
gchola,NA,noinchikey_inpubchem
4pasp,IXZNKTPIYKDIGG-REOHCLBHSA-L,C(C(C(=O)[O-])[NH3+])C(=O)OP(=O)([O-])[O-]
cpd15692,NA,noinchikey_inpubchem
peplys,NA,noinchikey_inpubchem
mal__L,BJEPYKJPYRNKOW-REOHCLBHSA-L,C(C(C(=O)[O-])O)C(=O)[O-]
cdec3eACP,NA,noinchikey_inpubchem
cpd21481,NA,noinchikey_inpubchem
ppgpp,BUFLLCUFNHESEH-UUOKFMHZSA-I,C1=NC2=C(N1C3C(C(C(O3)COP(=O)([O-])OP(=O)(O)[O-])OP(=O)([O-])OP(=O)([O-])[O-])O)NC(=NC2=O)N
13dpg,LJQLQCAXBUHEAZ-UWTATZPHSA-J,C(C(C(=O)OP(=O)([O-])[O-])O)OP(=O)([O-])[O-]
glx,HHLFWLYXYJOTON-UHFFFAOYSA-M,C(=O)C(=O)[O-]
thbhga,NA,noinchikey_inpubchem
cpd03963,NA,noinchikey_inpubchem
cpd12232,NA,noinchikey_inpubchem
dmpp,CBIDRCWHNCKSTO-UHFFFAOYSA-K,CC(=CCOP(=O)([O-])OP(=O)([O-])[O-])C
cpd11532,NA,noinchikey_inpubchem
cpd02797,NA,noinchikey_inpubchem
cpd01373,NA,noinchikey_inpubchem
ser__L,MTCFGRXMJLQNBG-REOHCLBHSA-N,C(C(C(=O)O)N)O
neoxan,PGYAYSRVSAJXTE-CLONMANBSA-N,CC(=CC=CC=C(C)C=CC=C(C)C=C=C1C(CC(CC1(C)O)O)(C)C)C=CC=C(C)C=CC23C(CC(CC2(O3)C)O)(C)C
pe181,NA,noinchikey_inpubchem
pant__R,OTOIIPJYVQJATP-BYPYZUCNSA-M,CC(C)(CO)C(C(=O)[O-])O
cpd15165,NA,noinchikey_inpubchem
cpd15698,NA,noinchikey_inpubchem
3dhsk,SLWWJZMPHJJOPH-PHDIDXHHSA-M,C1C(C(C(=O)C=C1C(=O)[O-])O)O
fadh2,YPZRHBJKEMOYQH-UYBVJOGSSA-L,CC1=CC2=C(C=C1C)N(C3=C(N2)C(=O)NC(=O)N3)CC(C(C(COP(=O)([O-])OP(=O)([O-])OCC4C(C(C(O4)N5C=NC6=C(N=CN=C65)N)O)O)O)O)O
cpd16395,NA,noinchikey_inpubchem
3ooctdACP,NA,noinchikey_inpubchem
phhlipa,XNYUHCDJIRFEJF-LIOVHSHWSA-G,noinchikey_inpubchem
3hanthrn,WJXSWCUQABXPFS-UHFFFAOYSA-M,C1=CC(=C(C(=C1)O)N)C(=O)[O-]
cpd11571,NA,noinchikey_inpubchem
cpd04248,NA,noinchikey_inpubchem
cpd00788,NA,noinchikey_inpubchem
cpd00888,NA,noinchikey_inpubchem
apg181,NA,noinchikey_inpubchem
cpd00878,NA,noinchikey_inpubchem
btn,YBJHBAHKTGYVGT-ZKWXMUAHSA-M,C1C2C(C(S1)CCCCC(=O)[O-])NC(=O)N2
zn2,PTFCDOFLOPIGGS-UHFFFAOYSA-N,[Zn+2]
apg161,NA,noinchikey_inpubchem
q10,ACTIUHUUMQJHFO-UPTCCGCDSA-N,CC1=C(C(=O)C(=C(C1=O)OC)OC)CC=C(C)CCC=C(C)CCC=C(C)CCC=C(C)CCC=C(C)CCC=C(C)CCC=C(C)CCC=C(C)CCC=C(C)CCC=C(C)C
ocdca,QIQXTHQIDYTFRH-UHFFFAOYSA-M,CCCCCCCCCCCCCCCCCC(=O)[O-]
trptrna,NA,noinchikey_inpubchem
rbl__D,ZAQJHHRNXZUBTE-NQXXGFSBSA-N,C(C(C(C(=O)CO)O)O)O
2odecg3p,NA,noinchikey_inpubchem
cpd10502,NA,noinchikey_inpubchem
cpd02200,NA,noinchikey_inpubchem
cpd02708,NA,noinchikey_inpubchem
sl2a6o,SDVXSCSNVVZWDD-LURJTMIESA-K,C(CC(C(=O)[O-])NC(=O)CCC(=O)[O-])CC(=O)C(=O)[O-]
cpd15700,NA,noinchikey_inpubchem
4nph,NA,noinchikey_inpubchem
3hmrsACP,NA,noinchikey_inpubchem
ibcoa,AEWHYWSPVRZHCT-NDZSKPAWSA-J,CC(C)C(=O)SCCNC(=O)CCNC(=O)C(C(C)(C)COP(=O)([O-])OP(=O)([O-])OCC1C(C(C(O1)N2C=NC3=C(N=CN=C32)N)O)OP(=O)([O-])[O-])O
3haACP,NA,noinchikey_inpubchem
cpd10500,NA,noinchikey_inpubchem
apg120,AJCVDIXUOBZCPE-ZESVVUHVSA-M,CCCCCCCCCCCC(=O)OCC(COP(=O)([O-])OCC(COC(=O)CCCCCCCCCCC)OC(=O)CCCCCCCCCCC)O
glcn,RGHNJXZEOKUKBD-SQOUGZDYSA-M,C(C(C(C(C(C(=O)[O-])O)O)O)O)O
clpn160,GRTNLBQYBYZCCM-ULKDXPJMSA-L,CCCCCCCCCCCCCCCC(=O)OCC(COP(=O)([O-])OCC(COP(=O)([O-])OCC(COC(=O)CCCCCCCCCCCCCCC)OC(=O)CCCCCCCCCCCCCCC)O)OC(=O)CCCCCCCCCCCCCCC
gam1p,YMJBYRVFGYXULK-QZABAPFNSA-M,C(C1C(C(C(C(O1)OP(=O)([O-])[O-])[NH3+])O)O)O
2mecdp,SFRQRNJMIIUYDI-UHNVWZDZSA-L,CC1(C(COP(=O)(OP(=O)(O1)[O-])[O-])O)CO
dhpt,WBFYVDCHGVNRBH-UHFFFAOYSA-M,C1C(=NC2=C(N1)NC(=NC2=O)N)CNC3=CC=C(C=C3)C(=O)[O-]
cpd12554,NA,noinchikey_inpubchem
urdglyc,NWZYYCVIOKVTII-SFOWXEAESA-M,C(C(=O)[O-])(NC(=O)N)O
srtn,QZAYGJVTTNCVMB-UHFFFAOYSA-O,C1=CC2=C(C=C1O)C(=CN2)CC[NH3+]
asntrna,NA,noinchikey_inpubchem
cpd11569,NA,noinchikey_inpubchem
anth,RWZYAGGXGHYGMB-UHFFFAOYSA-M,C1=CC=C(C(=C1)C(=O)[O-])N
u3hga,ZFPNNOXCEDQJQS-SSVOXRMNSA-M,CCCCCCCCCCCC(CC(=O)OC1C(C(OC(C1O)CO)OP(=O)([O-])OP(=O)([O-])OCC2C(C(C(O2)N3C=CC(=O)NC3=O)O)O)[NH3+])O
cpd10537,NA,noinchikey_inpubchem
cpd11679,NA,noinchikey_inpubchem
cpd11575,NA,noinchikey_inpubchem
cpd11588,NA,noinchikey_inpubchem
g3pc,SUHOQUVVVLNYQR-MRVPVSSYSA-N,C[N+](C)(C)CCOP(=O)([O-])OCC(CO)O
3oxoadp,RTGHRDFWYQHVFW-UHFFFAOYSA-L,C(CC(=O)[O-])C(=O)CC(=O)[O-]
ppcoa,QAQREVBBADEHPA-IEXPHMLFSA-J,CCC(=O)SCCNC(=O)CCNC(=O)C(C(C)(C)COP(=O)([O-])OP(=O)([O-])OCC1C(C(C(O1)N2C=NC3=C(N=CN=C32)N)O)OP(=O)([O-])[O-])O
cpd01043,NA,noinchikey_inpubchem
cyan,LELOWRISYMNNSU-UHFFFAOYSA-N,C#N
alatrna,NA,noinchikey_inpubchem
coucoa,DMZOKBALNZWDKI-MATMFAIHSA-J,CC(C)(COP(=O)([O-])OP(=O)([O-])OCC1C(C(C(O1)N2C=NC3=C(N=CN=C32)N)O)OP(=O)([O-])[O-])C(C(=O)NCCC(=O)NCCSC(=O)C=CC4=CC=C(C=C4)O)O
amp,UDMBCSSLTHHNCD-KQYNXXCUSA-L,C1=NC(=C2C(=N1)N(C=N2)C3C(C(C(O3)COP(=O)([O-])[O-])O)O)N
skm5p,QYOJSKGCWNAKGW-PBXRRBTRSA-K,C1C(C(C(C=C1C(=O)[O-])OP(=O)([O-])[O-])O)O
cpd15087,NA,noinchikey_inpubchem
phenol,ISWSIDIOOBJBQZ-UHFFFAOYSA-N,C1=CC=C(C=C1)O
dpcoa,KDTSHFARGAKYJN-IBOSZNHHSA-L,CC(C)(COP(=O)([O-])OP(=O)([O-])OCC1C(C(C(O1)N2C=NC3=C(N=CN=C32)N)O)O)C(C(=O)NCCC(=O)NCCS)O
cpd31750,NA,noinchikey_inpubchem
crtn,NA,noinchikey_inpubchem
3pg,OSJPPGNTCRNQQC-UWTATZPHSA-K,C(C(C(=O)[O-])O)OP(=O)([O-])[O-]
cpd11536,NA,noinchikey_inpubchem
2odec11eg3p,NA,noinchikey_inpubchem
aps,IRLPACMLTUPBCL-KQYNXXCUSA-L,C1=NC(=C2C(=N1)N(C=N2)C3C(C(C(O3)COP(=O)([O-])OS(=O)(=O)[O-])O)O)N
cmp,IERHLVCPSMICTF-XVFCMESISA-L,C1=CN(C(=O)N=C1N)C2C(C(C(O2)COP(=O)([O-])[O-])O)O
2agpg161,NA,noinchikey_inpubchem
cbi,XQRJFEVDQXEIAX-JFYQDRLCSA-M,noinchikey_inpubchem
4izp,MYNHYKDPSRPBNZ-UHFFFAOYSA-N,noinchikey_inpubchem
scl,KWIZRXMMFRBUML-AHGFGAHVSA-F,noinchikey_inpubchem
sufbcd,NA,noinchikey_inpubchem
db4p,OKYHYXLCTGGOLM-UHFFFAOYSA-L,CC(=O)C(COP(=O)([O-])[O-])O
cpd11625,NA,noinchikey_inpubchem
cpd11578,NA,noinchikey_inpubchem
cpd15130,NA,noinchikey_inpubchem
prlp,BLKFNHOCHNCLII-GHVQHMAVSA-J,C1=NC(=C(N1C2C(C(C(O2)COP(=O)([O-])[O-])O)O)NC=NCC(=O)C(C(COP(=O)([O-])[O-])O)O)C(=O)N
cpd02601,NA,noinchikey_inpubchem
cpd11521,NA,noinchikey_inpubchem
acmum6p,NMEMTQKUEVNSPV-MKFCKLDKSA-K,CC(C(=O)[O-])OC1C(C(OC(C1O)COP(=O)([O-])[O-])O)NC(=O)C
cpd01512,NA,noinchikey_inpubchem
cpd11563,NA,noinchikey_inpubchem
trdrd,NA,noinchikey_inpubchem
malACP,NA,noinchikey_inpubchem
cpd10490,NA,noinchikey_inpubchem
xyl__D,SRBFZHDQGSBBOR-IOVATXLUSA-N,C1C(C(C(C(O1)O)O)O)O
cpd09433,NA,noinchikey_inpubchem
g6p,NBSCHQHZLSJFNQ-GASJEMHNSA-L,C(C1C(C(C(C(O1)O)O)O)O)OP(=O)([O-])[O-]
Ncbmpts,YANFYYGANIYHGI-UHFFFAOYSA-O,C(CCNC(=O)N)C[NH3+]
cpd15696,NA,noinchikey_inpubchem
cpd11589,NA,noinchikey_inpubchem
cpd01061,NA,noinchikey_inpubchem
cpd02616,NA,noinchikey_inpubchem
o2,MYMOFIZGZYHOMD-UHFFFAOYSA-N,O=O
cpd32627,NA,noinchikey_inpubchem
histrna,NA,noinchikey_inpubchem
btamp,UTQCSTJVMLODHM-RHCAYAJFSA-N,C1C2C(C(S1)CCCCC(=O)OP(=O)(O)OCC3C(C(C(O3)N4C=NC5=C(N=CN=C54)N)O)O)NC(=O)N2
r3mmal,NPYQJIHHTGFBLN-STHAYSLISA-L,CC(C(C(=O)[O-])O)C(=O)[O-]
3hcddec5eACP,NA,noinchikey_inpubchem
ps160,KLFKZIQAIPDJCW-GPOMZPHUSA-M,CCCCCCCCCCCCCCCC(=O)OCC(COP(=O)([O-])OCC(C(=O)[O-])[NH3+])OC(=O)CCCCCCCCCCCCCCC
r15bp,AAAFZMYJJHWUPN-TXICZTDVSA-J,C(C1C(C(C(O1)OP(=O)([O-])[O-])O)O)OP(=O)([O-])[O-]
cpd15717,NA,noinchikey_inpubchem
pa120,NA,noinchikey_inpubchem
udp,XCCTYIAWTASOJW-XVFCMESISA-K,C1=CN(C(=O)NC1=O)C2C(C(C(O2)COP(=O)([O-])OP(=O)([O-])[O-])O)O
isetac,SUMDYPCJJOFFON-UHFFFAOYSA-M,C(CS(=O)(=O)[O-])O
cpd16396,NA,noinchikey_inpubchem
cpd15722,NA,noinchikey_inpubchem
sucorn,VWXQFHJBQHTHMK-LURJTMIESA-M,C(CC(C(=O)[O-])NC(=O)CCC(=O)[O-])C[NH3+]
cpd21088,NA,noinchikey_inpubchem
2oph,VUNQJPPPTJIREN-CMAXTTDKSA-N,CC(=CCCC(=CCCC(=CCCC(=CCCC(=CCCC(=CCCC(=CCCC(=CCC1=CC=CC=C1O)C)C)C)C)C)C)C)C
2omph,MYNOBJRQIKYBRD-MGHGRUFNSA-N,noinchikey_inpubchem
cpd08740,NA,noinchikey_inpubchem
cpd11432,NA,noinchikey_inpubchem
cpd02045,NA,noinchikey_inpubchem
cpd15666,NA,noinchikey_inpubchem
g3p,LXJXRIRHZLFYRP-VKHMYHEASA-L,C(C(C=O)O)OP(=O)([O-])[O-]
cpd10571,NA,noinchikey_inpubchem
prephytedp,RVCNKTPCHZNAAO-UZDKSQMHSA-K,CC(=CCCC(=CCCC(=CCCC(=CC1C(C1(C)CCC=C(C)CCC=C(C)CCC=C(C)C)COP(=O)([O-])OP(=O)([O-])[O-])C)C)C)C
cpd11526,NA,noinchikey_inpubchem
dann,KCEGBPIYGIWCDH-UHFFFAOYSA-O,CC(C(CCCCCC(=O)[O-])[NH3+])[NH3+]
cpd09350,NA,noinchikey_inpubchem
cpd11519,NA,noinchikey_inpubchem
6a2ohxnt,GWENQMVPLJAMAE-UHFFFAOYSA-N,C(CCN)CC(=O)C(=O)O
u23ga,KOJCFMYSTWNMQW-RUAJDYCTSA-L,CCCCCCCCCCCC(CC(=O)NC1C(C(C(OC1OP(=O)([O-])OP(=O)([O-])OCC2C(C(C(O2)N3C=CC(=O)NC3=O)O)O)CO)O)OC(=O)CC(CCCCCCCCCCC)O)O
dhlam,VLYUGYAKYZETRF-SSDOTTSWSA-N,C(CCC(=O)N)CC(CCS)S
cpd01567,NA,noinchikey_inpubchem
hphhlipa,OCKKDDJUVZAABC-XSAOWLIJSA-G,noinchikey_inpubchem
5hiu,LTQYPAVLAYVKTK-UHFFFAOYSA-N,C12=NC(=O)NC1(C(=O)NC(=O)N2)O
cpd14940,NA,noinchikey_inpubchem
kdo2lipid4L,JVUUYJGQIVCMIU-ZODGSCPMSA-H,CCCCCCCCCCCC(CC(=O)NC1C(C(C(OC1OP(=O)([O-])[O-])COC2C(C(C(C(O2)COC3(CC(C(C(O3)C(CO)O)O)OC4(CC(C(C(O4)C(CO)O)O)O)C(=O)[O-])C(=O)[O-])OP(=O)([O-])[O-])OC(=O)CC(CCCCCCCCCCC)O)NC(=O)CC(CCCCCCCCCCC)OC(=O)CCCCCCCCCCC)O)OC(=O)CC(CCCCCCCCCCC)O)O
1tdecg3p,FAZBDRGXCKPVJU-MRXNPFEDSA-L,CCCCCCCCCCCCCC(=O)OCC(COP(=O)([O-])[O-])O
fe3dcit,NA,noinchikey_inpubchem
apg180,WCMVNCVROQLVSH-JBQXKKLXSA-M,CCCCCCCCCCCCCCCCCC(=O)OCC(COP(=O)([O-])OCC(COC(=O)CCCCCCCCCCCCCCCCC)OC(=O)CCCCCCCCCCCCCCCCC)O
ps161,NA,noinchikey_inpubchem
cpd11583,NA,noinchikey_inpubchem
tchola,WBWWGRHZICKQGZ-HZAMXZRMSA-M,CC(CCC(=O)NCCS(=O)(=O)[O-])C1CCC2C1(C(CC3C2C(CC4C3(CCC(C4)O)C)O)O)C
cpd03244,NA,noinchikey_inpubchem
etha,HZAXFHJVJLSVMW-UHFFFAOYSA-O,C(CO)[NH3+]
4mop,BKAJNAXTPSGJCU-UHFFFAOYSA-M,CC(C)CC(=O)C(=O)[O-]
btnCCP,NA,noinchikey_inpubchem
dcaACP,NA,noinchikey_inpubchem
3hddecACP,NA,noinchikey_inpubchem
cpd04097,NA,noinchikey_inpubchem
succoa,VNOYUJKHFWYWIR-ITIYDSSPSA-I,CC(C)(COP(=O)([O-])OP(=O)([O-])OCC1C(C(C(O1)N2C=NC3=C(N=CN=C32)N)O)OP(=O)([O-])[O-])C(C(=O)NCCC(=O)NCCSC(=O)CCC(=O)[O-])O
hmbil,WDFJYRZCZIUBPR-UHFFFAOYSA-F,C1=C(C(=C(N1)CC2=C(C(=C(N2)CC3=C(C(=C(N3)CC4=C(C(=C(N4)CO)CC(=O)[O-])CCC(=O)[O-])CC(=O)[O-])CCC(=O)[O-])CC(=O)[O-])CCC(=O)[O-])CC(=O)[O-])CCC(=O)[O-]
cpd11483,NA,noinchikey_inpubchem
cpd11509,NA,noinchikey_inpubchem
fmettrna,NA,noinchikey_inpubchem
acgam,OVRNDRQMDRJTHS-RTRLPJTCSA-N,CC(=O)NC1C(C(C(OC1O)CO)O)O
ocdcea,ZQPPMHVWECSIRJ-KTKRTIGZSA-M,CCCCCCCCC=CCCCCCCCC(=O)[O-]
octeACP,NA,noinchikey_inpubchem
oc2coa,CPSDNAXXKWVYIY-NTLMCJQISA-J,CCCCCC=CC(=O)SCCN=C(CCN=C(C(C(C)(C)COP(=O)(O)OP(=O)(O)OCC1C(C(C(O1)N2C=NC3=C(N=CN=C32)N)O)OP(=O)([O-])[O-])O)[O-])[O-]
ACP,NA,noinchikey_inpubchem
cpd11556,NA,noinchikey_inpubchem
cdpdodecg,PDCWLWQTNQCGRI-IGIWICMZSA-L,CCCCCCCCCCCCCCCCCC(=O)OCC(COP(=O)([O-])OP(=O)([O-])OCC1C(C(C(O1)N2C=CC(=NC2=O)N)O)O)OC(=O)CCCCCCCCCCCCCCCCC
cpd11545,NA,noinchikey_inpubchem
cpd11568,NA,noinchikey_inpubchem
cddec5eACP,NA,noinchikey_inpubchem
fe3,VTLYFUHAOXGGBS-UHFFFAOYSA-N,[Fe+3]
cpd11481,NA,noinchikey_inpubchem
mhpglu,HVRNKDVLFAVCJF-VJANTYMQSA-J,CN1C(CNC2=C1C(=O)N=C(N2)N)CNC3=CC=C(C=C3)C(=O)NC(CCC(=O)NC(CCC(=O)NC(CCC(=O)[O-])C(=O)[O-])C(=O)[O-])C(=O)[O-]
nac,PVNIIMVLHYAWGP-UHFFFAOYSA-M,C1=CC(=CN=C1)C(=O)[O-]
cpd15683,NA,noinchikey_inpubchem
phllqne,MBWXNTAXLNYFJB-NKFFZRIASA-N,CC1=C(C(=O)C2=CC=CC=C2C1=O)CC=C(C)CCCC(C)CCCC(C)CCCC(C)C
myrsACP,NA,noinchikey_inpubchem
cpd12431,NA,noinchikey_inpubchem
3hcmrs7eACP,NA,noinchikey_inpubchem
pser__L,BZQFBWGGLXLEPQ-REOHCLBHSA-L,C(C(C(=O)[O-])[NH3+])OP(=O)([O-])[O-]
retinal,NCYCYZXNIZJOKI-OVSJKPMPSA-N,CC1=C(C(CCC1)(C)C)C=CC(=CC=CC(=CC=O)C)C
ttdcea,NA,noinchikey_inpubchem
cpd15690,NA,noinchikey_inpubchem
asn__L,DCXYFEDJOCDNAF-REOHCLBHSA-N,C(C(C(=O)O)N)C(=O)N
hdcea,NA,noinchikey_inpubchem
PROTEIN,NA,noinchikey_inpubchem
cpd15687,NA,noinchikey_inpubchem
fad,IMGVNJNCCGXBHD-UYBVJOGSSA-K,noinchikey_inpubchem
pppg9,UHSGPDMIQQYNAX-UHFFFAOYSA-L,CC1=C2CC3=C(C(=C(N3)CC4=C(C(=C(N4)CC5=C(C(=C(N5)CC(=C1CCC(=O)[O-])N2)CCC(=O)[O-])C)C=C)C)C=C)C
dptne,HHXYJYBYNZMZKX-PYQRSULMSA-N,CC(=C)C1CCC2(C1CCC3(C2CCC4C3(CCC5C4(CCCC5(C)C)C)C)C)C
cpd10556,NA,noinchikey_inpubchem
cpd11499,NA,noinchikey_inpubchem
2ddecg3p,NA,noinchikey_inpubchem
cpd11512,NA,noinchikey_inpubchem
cpd15695,NA,noinchikey_inpubchem
g15lac,PHOQVHQSTUBQQK-SQOUGZDYSA-N,C(C1C(C(C(C(=O)O1)O)O)O)O
kdolipid4,GPNCBCJEDRRCDW-ACUQGRCXSA-I,CCCCCCCCCCCC(CC(=O)NC1C(C(C(OC1OP(=O)([O-])[O-])COC2C(C(C(C(O2)COC3(CC(C(C(O3)C(CO)O)O)O)C(=O)[O-])OP(=O)([O-])[O-])OC(=O)CC(CCCCCCCCCCC)O)NC(=O)CC(CCCCCCCCCCC)O)O)OC(=O)CC(CCCCCCCCCCC)O)O
gly,DHMQDGOQFOQNFH-UHFFFAOYSA-N,C(C(=O)O)N
dgcholcoa,NA,noinchikey_inpubchem
hexdp,NGFSMHKFTZROKJ-MMSZMYIBSA-K,CC(=CCCC(=CCCC(=CCCC(=CCCC(=CCCC(=CCOP(=O)([O-])OP(=O)([O-])[O-])C)C)C)C)C)C
PE,NA,noinchikey_inpubchem
cpd25915,NA,noinchikey_inpubchem
cpd00301,NA,noinchikey_inpubchem
5aprbu,RQRINYISXYAZKL-RPDRRWSUSA-L,C(C(C(C(COP(=O)([O-])[O-])O)O)O)NC1=C(C(=O)NC(=O)N1)N
val__L,KZSNJWFQEVHDMF-BYPYZUCNSA-N,CC(C)C(C(=O)O)N
cpd10560,NA,noinchikey_inpubchem
ps180,TZCPCKNHXULUIY-RGULYWFUSA-M,CCCCCCCCCCCCCCCCCC(=O)OCC(COP(=O)([O-])OCC(C(=O)[O-])[NH3+])OC(=O)CCCCCCCCCCCCCCCCC
cpd16439,NA,noinchikey_inpubchem
5htrp,NA,noinchikey_inpubchem
pgp120,NA,noinchikey_inpubchem
methf,MEANFMOQMXYMCT-OLZOCXBDSA-M,C1C2CN(C=[N+]2C3=C(N1)NC(=NC3=O)N)C4=CC=C(C=C4)C(=O)NC(CCC(=O)[O-])C(=O)[O-]
fmn,ANKZYBDXHMZBDK-SCRDCRAPSA-K,noinchikey_inpubchem
inost,CDAISMWEOUEBRE-GPIVLXJGSA-N,noinchikey_inpubchem
pyam5p,ZMJGSOSNSPKHNH-UHFFFAOYSA-M,CC1=NC=C(C(=C1O)C[NH3+])COP(=O)([O-])[O-]
cbl1,OMAOKVYASDIYQG-DSRCUDDDSA-L,noinchikey_inpubchem
ara5p,PPQRONHOSHZGFQ-WDCZJNDASA-L,C(C(C(C(C=O)O)O)O)OP(=O)([O-])[O-]
ivcoa,UYVZIWWBJMYRCD-ZMHDXICWSA-J,CC(C)CC(=O)SCCNC(=O)CCNC(=O)C(C(C)(C)COP(=O)([O-])OP(=O)([O-])OCC1C(C(C(O1)N2C=NC3=C(N=CN=C32)N)O)OP(=O)([O-])[O-])O
3hmoa,DNOPJXBPONYBLB-UHFFFAOYSA-M,CC(C)(C(=O)C(=O)[O-])O
cl,VEXZGXHMUGYJMC-UHFFFAOYSA-M,[Cl-]
ac,QTBSBXVTEAMEQO-UHFFFAOYSA-M,CC(=O)[O-]
thmpp,AYEKOFBPNLCAJY-UHFFFAOYSA-L,CC1=C(SC=[N+]1CC2=CN=C(N=C2N)C)CCOP(=O)([O-])OP(=O)([O-])[O-]
cpd09812,NA,noinchikey_inpubchem
hxa,FUZZWVXGSFPDMH-UHFFFAOYSA-M,CCCCCC(=O)[O-]
cpd10553,NA,noinchikey_inpubchem
biocyt,NA,noinchikey_inpubchem
cpd15699,NA,noinchikey_inpubchem
6hmhpt,CQQNNQTXUGLUEV-UHFFFAOYSA-N,C1C(=NC2=C(N1)NC(=NC2=O)N)CO
cpd00329,NA,noinchikey_inpubchem
tdchola,BHTRKEVKTKCXOH-BJLOMENOSA-M,CC(CCC(=O)NCCS(=O)(=O)[O-])C1CCC2C1(CCC3C2C(CC4C3(CCC(C4)O)C)O)C
cpd00315,NA,noinchikey_inpubchem
gicolipa,JIYBFSMTJJSDHN-XHEUBBKESA-C,CCCCCCCCCCCCCC(=O)OC(CCCCCCCCCCC)CC(=O)OC1C(C(OC(C1OP(=O)([O-])[O-])COC2(CC(C(C(O2)C(CO)O)OC3C(C(C(C(O3)C(CO)O)OP(=O)([O-])[O-])OC4C(C(C(C(O4)C(COC5C(C(C(C(O5)C(CO)O)O)O)O)O)OP(=O)([O-])[O-])OC6C(C(C(C(O6)CO)O)O)O)O)O)OC7(CC(C(C(O7)C(CO)O)OC8C(C(C(C(O8)C)O)O)O)OC9(CC(C(C(O9)C(CO)O)O)O)C(=O)[O-])C(=O)[O-])C(=O)[O-])OCC1C(C(C(C(O1)OP(=O)(O)O)N=C(CC(CCCCCCCCCCC)O)[O-])OC(=O)CC(CCCCCCCCCCC)O)O)N=C(CC(CCCCCCCCCCC)OC(=O)CCCCCCCCCCC)[O-]
cpd02824,NA,noinchikey_inpubchem
cpd11520,NA,noinchikey_inpubchem
aacoa,OJFDKHTZOUZBOS-CITAKDKDSA-J,CC(=O)CC(=O)SCCNC(=O)CCNC(=O)C(C(C)(C)COP(=O)([O-])OP(=O)([O-])OCC1C(C(C(O1)N2C=NC3=C(N=CN=C32)N)O)OP(=O)([O-])[O-])O
tmrs2eACP,NA,noinchikey_inpubchem
phphhlipa,MVYTXVAKEAWEGM-WMKPBWIYSA-D,CCCCCCCCCCCCCC(=O)OC(CCCCCCCCCCC)CC(=O)OC1C(C(OC(C1OP(=O)([O-])[O-])COC2(CC(C(C(O2)C(CO)O)OC3C(C(C(C(O3)C(CO)O)OP(=O)([O-])[O-])OC4C(C(C(C(O4)C(COC5C(C(C(C(O5)C(CO)O)O)O)O)O)OP(=O)([O-])[O-])O)O)O)OC6(CC(C(C(O6)C(CO)O)O)O)C(=O)[O-])C(=O)[O-])OCC7C(C(C(C(O7)OP(=O)(O)O)N=C(CC(CCCCCCCCCCC)O)[O-])OC(=O)CC(CCCCCCCCCCC)O)O)N=C(CC(CCCCCCCCCCC)OC(=O)CCCCCCCCCCC)[O-]
duri,MXHRCPNRJAMMIM-SHYZEUOFSA-N,C1C(C(OC1N2C=CC(=O)NC2=O)CO)O
2tdec7eg3p,NA,noinchikey_inpubchem
asp__L,CKLJMWTZIZZHCS-REOHCLBHSA-M,C(C(C(=O)[O-])[NH3+])C(=O)[O-]
cpd15604,NA,noinchikey_inpubchem
xu5p__D,FNZLKVNUWIIPSJ-RFZPGFLSSA-L,C(C(C(C(=O)CO)O)O)OP(=O)([O-])[O-]
chol,OEYIOHPDSNJKLS-UHFFFAOYSA-N,C[N+](C)(C)CCO
pap,WHTCPDAXWFLDIH-KQYNXXCUSA-J,C1=NC(=C2C(=N1)N(C=N2)C3C(C(C(O3)COP(=O)([O-])[O-])OP(=O)([O-])[O-])O)N
Ntmelys,NA,noinchikey_inpubchem
clpn181,HSSSADMXQPKIEB-GXYAQEMJSA-L,noinchikey_inpubchem
sufsesh,NA,noinchikey_inpubchem
fum,VZCYOOQTPOCHFL-OWOJBTEDSA-L,C(=CC(=O)[O-])C(=O)[O-]
ptd1ino160,NA,noinchikey_inpubchem
cpd15672,NA,noinchikey_inpubchem
g3pi,BMVUIWJCUQSHLZ-UJGXJMNGSA-M,noinchikey_inpubchem
frmd,ZHNUHDYFZUAESO-UHFFFAOYSA-N,C(=O)N
cpd11510,NA,noinchikey_inpubchem
3hoctaACP,NA,noinchikey_inpubchem
mobd,MEFBJEMVZONFCJ-UHFFFAOYSA-N,[O-][Mo](=O)(=O)[O-]
Largn,MIEILDYWGANZNH-DSQUFTABSA-M,C1=CC(C=CC1O)(CC(C(=O)[O-])[NH3+])C(=O)[O-]
LIPIDS,NA,noinchikey_inpubchem
cpd14790,NA,noinchikey_inpubchem
cpd11525,NA,noinchikey_inpubchem
2c25dho,DHCUIDTZCMREHG-UHFFFAOYSA-L,C1=CC(OC1=O)(CC(=O)[O-])C(=O)[O-]
cpd06559,NA,noinchikey_inpubchem
cpd11527,NA,noinchikey_inpubchem
sucr,CZMRCDWAGMRECN-UGDNZRGBSA-N,C(C1C(C(C(C(O1)OC2(C(C(C(O2)CO)O)O)CO)O)O)O)O
hom__L,UKAUYVFTDYCKQA-VKHMYHEASA-N,C(CO)C(C(=O)O)N
LalaDglu,VYZAGTDAHUIRQA-CRCLSJGQSA-M,CC(C(=O)NC(CCC(=O)O)C(=O)[O-])N
dnad,SENPVEZBRZQVST-HISDBWNOSA-L,C1=CC(=C[N+](=C1)C2C(C(C(O2)COP(=O)([O-])OP(=O)([O-])OCC3C(C(C(O3)N4C=NC5=C(N=CN=C54)N)O)O)O)O)C(=O)[O-]
pa140,OZSITQMWYBNPMW-GDLZYMKVSA-L,CCCCCCCCCCCCCC(=O)OCC(COP(=O)([O-])[O-])OC(=O)CCCCCCCCCCCCC
dca,NA,noinchikey_inpubchem
xtsn,UBORTCNDUKBEOP-UUOKFMHZSA-N,C1=NC2=C(N1C3C(C(C(O3)CO)O)O)NC(=O)NC2=O
toct2eACP,NA,noinchikey_inpubchem
cdpdhdec9eg,LBKBJHVQQNUXGQ-BQUKFSKHSA-L,noinchikey_inpubchem
cmpacna,TXCIAUNLDRJGJZ-BILDWYJOSA-L,CC(=O)NC1C(CC(OC1C(C(CO)O)O)(C(=O)[O-])OP(=O)([O-])OCC2C(C(C(O2)N3C=CC(=NC3=O)N)O)O)O
fdp,RNBGYGVWRKECFJ-VRPWFDPXSA-J,C(C1C(C(C(O1)(COP(=O)([O-])[O-])O)O)O)OP(=O)([O-])[O-]
selhcys,RCWCGLALNCIQNM-VKHMYHEASA-N,C(C[SeH])C(C(=O)O)N
2amsa,XMTCKNXTTXDPJX-REOHCLBHSA-N,C(=O)C(C(=O)O)N
ethamp,SUHOOTKUPISOBE-UHFFFAOYSA-M,C(COP(=O)([O-])[O-])[NH3+]
hista,NTYJJOPFIAHURM-UHFFFAOYSA-O,C1=C(NC=N1)CC[NH3+]
acorn,JRLGPAXAGHMNOL-LURJTMIESA-N,CC(=O)NC(CCCN)C(=O)O
2agpg180,ZYKIFISVQNGKFE-UHFFFAOYSA-M,CCCCCCCCCCCCCCCCCC(=O)OC(CO)COP(=O)([O-])OCC(CO)O
23ddhb,INCSWYKICIYAHB-WDSKDSINSA-M,C1=CC(C(C(=C1)C(=O)[O-])O)O
pep,DTBNBXWJWCWCIK-UHFFFAOYSA-K,C=C(C(=O)[O-])OP(=O)([O-])[O-]
lipidAds,HLDJGHAAKRKPAV-QDORLFPLSA-L,CCCCCCCCCCCC(CC(=O)NC1C(C(C(OC1OCC2C(C(C(C(O2)OP(=O)([O-])[O-])NC(=O)CC(CCCCCCCCCCC)O)OC(=O)CC(CCCCCCCCCCC)O)O)CO)O)OC(=O)CC(CCCCCCCCCCC)O)O
met__L,FFEARJCKVFRZRR-BYPYZUCNSA-N,CSCCC(C(=O)O)N
1agpg180,HFJVKBVEKQHVTO-XZOQPEGZSA-M,CCCCCCCCCCCCCCCCCC(=O)OCC(COP(=O)([O-])OCC(CO)O)O
sufbcd__2fe2s,NA,noinchikey_inpubchem
cpd01371,NA,noinchikey_inpubchem
5mtr,ACWASDPGAVYCNI-JKUQZMGJSA-N,CSCC(C(C(C=O)O)O)O
cpd11541,NA,noinchikey_inpubchem
cpd34385,NA,noinchikey_inpubchem
lipidX,HEHQDWUWJVPREQ-XQJZMFRCSA-L,CCCCCCCCCCCC(CC(=O)NC1C(C(C(OC1OP(=O)([O-])[O-])CO)O)OC(=O)CC(CCCCCCCCCCC)O)O
56dh5flura,RAIRJKWTBBDDAR-UHFFFAOYSA-N,C1C(C(=O)NC(=O)N1)F
thf,MSTNYGQPCMXVAQ-RYUDHWBXSA-L,C1C(NC2=C(N1)NC(=NC2=O)N)CNC3=CC=C(C=C3)C(=O)NC(CCC(=O)[O-])C(=O)[O-]
cpe180,HCFAHMIUAQMBSN-UHFFFAOYSA-M,CCCCCCC1CC1CCCCCCCCCC(=O)N(CCOP(=O)([O-])OCC(CO)O)C(=O)CCCCCCCCCC2CC2CCCCCC
u3aga,TZSJGZGYQDNRRX-MPLCHSTDSA-L,CCCCCCCCCCCC(CC(=O)OC1C(C(OC(C1O)CO)OP(=O)([O-])OP(=O)([O-])OCC2C(C(C(O2)N3C=CC(=O)NC3=O)O)O)NC(=O)C)O
pa160,PORPENFLTBBHSG-MGBGTMOVSA-L,CCCCCCCCCCCCCCCC(=O)OCC(COP(=O)([O-])[O-])OC(=O)CCCCCCCCCCCCCCC
idp,JPXZQMKKFWMMGK-KQYNXXCUSA-K,C1=NC(=O)C2=C(N1)N(C=N2)C3C(C(C(O3)COP(=O)([O-])OP(=O)([O-])[O-])O)O
pheme,KABFMIBPWCXCRK-RGGAHWMASA-J,noinchikey_inpubchem
h2o2,MHAJPDPJQMAIIY-UHFFFAOYSA-N,OO
cpd09793,NA,noinchikey_inpubchem
udcpp,UFPHFKCTOZIAFY-RDQGWRCRSA-L,CC(=CCCC(=CCCC(=CCCC(=CCCC(=CCCC(=CCCC(=CCCC(=CCCC(=CCCC(=CCCC(=CCOP(=O)([O-])[O-])C)C)C)C)C)C)C)C)C)C)C
anhm,NA,noinchikey_inpubchem
cpd11538,NA,noinchikey_inpubchem
oaa,KHPXUQMNIQBQEV-UHFFFAOYSA-L,C(C(=O)C(=O)[O-])C(=O)[O-]
cpd11533,NA,noinchikey_inpubchem
sulfac,AGGIJOLULBJGTQ-UHFFFAOYSA-L,C(C(=O)[O-])S(=O)(=O)[O-]
cpd00195,NA,noinchikey_inpubchem
cpd00491,NA,noinchikey_inpubchem
cpd02688,NA,noinchikey_inpubchem
cpd04016,NA,noinchikey_inpubchem
cpd05630,NA,noinchikey_inpubchem
pp2coa,POODSGUMUCVRTR-IEXPHMLFSA-J,CC(C)(COP(=O)([O-])OP(=O)([O-])OCC1C(C(C(O1)N2C=NC3=C(N=CN=C32)N)O)OP(=O)([O-])[O-])C(C(=O)NCCC(=O)NCCSC(=O)C=C)O
anhgm3p,ZWZMFRJKRXDGBE-UHFFFAOYSA-L,noinchikey_inpubchem
h2,UFHFLCQGNIYNRP-UHFFFAOYSA-N,[HH]
cpd08449,NA,noinchikey_inpubchem
cdpdhdecg,NA,noinchikey_inpubchem
vioxan,SZCBXWMUOPQSOX-WVJDLNGLSA-N,CC(=CC=CC=C(C)C=CC=C(C)C=CC12C(CC(CC1(O2)C)O)(C)C)C=CC=C(C)C=CC34C(CC(CC3(O4)C)O)(C)C
g1p,HXXFSFRBOHSIMQ-GASJEMHNSA-L,C(C1C(C(C(C(O1)OP(=O)([O-])[O-])O)O)O)O
ctp,PCDQPRRSZKQHHS-XVFCMESISA-J,C1=CN(C(=O)N=C1N)C2C(C(C(O2)COP(=O)([O-])OP(=O)([O-])OP(=O)([O-])[O-])O)O
gagicolipa,XCYFJKYUDKZCQY-RQZVRRRJSA-C,CCCCCCCCCCCCCC(=O)OC(CCCCCCCCCCC)CC(=O)OC1C(C(OC(C1OP(=O)([O-])[O-])COC2(CC(C(C(O2)C(CO)O)OC3C(C(C(C(O3)C(CO)O)OP(=O)([O-])[O-])OC4C(C(C(C(O4)C(COC5C(C(C(C(O5)C(CO)O)O)O)O)O)OP(=O)([O-])[O-])OC6C(C(C(C(O6)COC7C(C(C(C(O7)CO)O)O)O)O)O)O)O)O)OC8(CC(C(C(O8)C(CO)O)OC9C(C(C(C(O9)C)O)O)O)OC1(CC(C(C(O1)C(CO)O)O)O)C(=O)[O-])C(=O)[O-])C(=O)[O-])OCC1C(C(C(C(O1)OP(=O)(O)O)N=C(CC(CCCCCCCCCCC)O)[O-])OC(=O)CC(CCCCCCCCCCC)O)O)N=C(CC(CCCCCCCCCCC)OC(=O)CCCCCCCCCCC)[O-]
cpd08400,NA,noinchikey_inpubchem
pydam,NHZMQXZHNVQTQA-UHFFFAOYSA-O,CC1=NC=C(C(=C1O)C[NH3+])CO
taur,XOAAWQZATWQOTB-UHFFFAOYSA-N,C(CS(=O)(=O)O)N
cpd15686,NA,noinchikey_inpubchem
cpd03661,NA,noinchikey_inpubchem
cpd10555,NA,noinchikey_inpubchem
2obut,TYEYBOSBBBHJIV-UHFFFAOYSA-M,CCC(=O)C(=O)[O-]
cpd03407,NA,noinchikey_inpubchem
pg160,BIABMEZBCHDPBV-MPQUPPDSSA-M,CCCCCCCCCCCCCCCC(=O)OCC(COP(=O)([O-])OCC(CO)O)OC(=O)CCCCCCCCCCCCCCC
dhap,GNGACRATGGDKBX-UHFFFAOYSA-L,C(C(=O)COP(=O)([O-])[O-])O
trnaser,NA,noinchikey_inpubchem
ckdo,YWWJKULNWGRYAS-UOVSKDHASA-L,C1C(C(C(OC1(C(=O)[O-])OP(=O)([O-])OCC2C(C(C(O2)N3C=CC(=NC3=O)N)O)O)C(CO)O)O)O
pydx5p,NGVDGCNFYWLIFO-UHFFFAOYSA-L,CC1=NC=C(C(=C1O)C=O)COP(=O)([O-])[O-]
nh4,QGZKDVFQNNGYKY-UHFFFAOYSA-O,[NH4+]
glyc__R,RBNPOMFGQQGHHO-UWTATZPHSA-M,C(C(C(=O)[O-])O)O
uAgl,RLNOPSGEZLGFAH-BSIIKIOPSA-K,CC(C(=O)NC(CCC(=O)[O-])C(=O)NC(CCCC[NH3+])C(=O)[O-])NC(=O)C(C)OC1C(C(OC(C1O)CO)OP(=O)([O-])OP(=O)([O-])OCC2C(C(C(O2)N3C=CC(=O)NC3=O)O)O)NC(=O)C
itp,HAEJPQIATWHALX-KQYNXXCUSA-J,C1=NC(=O)C2=C(N1)N(C=N2)C3C(C(C(O3)COP(=O)([O-])OP(=O)([O-])OP(=O)([O-])[O-])O)O
cpd25883,NA,noinchikey_inpubchem
cpd10545,NA,noinchikey_inpubchem
15dap,VHRGRCVQAFMJIZ-UHFFFAOYSA-P,C(CC[NH3+])CC[NH3+]
cpd11441,NA,noinchikey_inpubchem
mi3p__D,INAPMGSXUVUWAF-PTQMNWPWSA-L,noinchikey_inpubchem
ggbutal,JZNLEPLZUABCSQ-ZETCQYMHSA-N,C(CC=O)CNC(=O)CCC(C(=O)O)N
sheme,DLKSSIHHLYNIKN-QIISWYHFSA-D,CC1(C(C2=CC3=NC(=CC4=C(C(=C([N-]4)C=C5C(=C(C(=N5)C=C1[N-]2)CC(=O)[O-])CCC(=O)[O-])CCC(=O)[O-])CC(=O)[O-])C(C3(C)CC(=O)[O-])CCC(=O)[O-])CCC(=O)[O-])CC(=O)[O-].[Fe+2]
pre2,OQIIYZQTTMKFAU-ZNLOQLQNSA-G,CC1(C(C2=CC3=C(C(=C(N3)CC4=C(C(=C(N4)C=C5C(C(C(=N5)C=C1[NH2+]2)CCC(=O)[O-])(C)CC(=O)[O-])CC(=O)[O-])CCC(=O)[O-])CCC(=O)[O-])CC(=O)[O-])CCC(=O)[O-])CC(=O)[O-]
23dhmb,JTEYKUFKXGDTEU-VKHMYHEASA-M,CC(C)(C(C(=O)[O-])O)O
cpd11507,NA,noinchikey_inpubchem
23dpg,XOHUEYCVLUUEJJ-UWTATZPHSA-I,C(C(C(=O)[O-])OP(=O)([O-])[O-])OP(=O)([O-])[O-]
ugam,CYKLRRKFBPBYEI-NQQHDEILSA-M,C1=CN(C(=O)NC1=O)C2C(C(C(O2)COP(=O)([O-])OP(=O)([O-])OC3C(C(C(C(O3)CO)O)O)[NH3+])O)O
cpd15665,NA,noinchikey_inpubchem
trnapro,NA,noinchikey_inpubchem
2dhp,NA,noinchikey_inpubchem
apg141,NA,noinchikey_inpubchem
dtdp4d6dg,NA,noinchikey_inpubchem
cpd19241,NA,noinchikey_inpubchem
trnagly,NA,noinchikey_inpubchem
glyclt,NA,noinchikey_inpubchem
cpd11539,NA,noinchikey_inpubchem
hepdp,NA,noinchikey_inpubchem
pmcoa,NA,noinchikey_inpubchem
peng,JGSARLDLIJGVTE-MBNYWOFBSA-M,CC1(C(N2C(S1)C(C2=O)NC(=O)CC3=CC=CC=C3)C(=O)[O-])C
gtp,NA,noinchikey_inpubchem
cpd33171,NA,noinchikey_inpubchem
cpd11558,NA,noinchikey_inpubchem
3odecACP,NA,noinchikey_inpubchem
gdptp,NA,noinchikey_inpubchem
adp,NA,noinchikey_inpubchem
h2co3,NA,noinchikey_inpubchem
for,NA,noinchikey_inpubchem
cpd01129,NA,noinchikey_inpubchem
cholate,BHQCQFFYRZLCQQ-OELDTZBJSA-M,CC(CCC(=O)[O-])C1CCC2C1(C(CC3C2C(CC4C3(CCC(C4)O)C)O)O)C
cpd11506,NA,noinchikey_inpubchem
adocbl,ZIHHMGTYZOSFRC-QRVZQHAISA-N,noinchikey_inpubchem
cpd15606,NA,noinchikey_inpubchem
cpd03281,NA,noinchikey_inpubchem
cpd15131,NA,noinchikey_inpubchem
8aonn,NA,noinchikey_inpubchem
ni2,NA,noinchikey_inpubchem
2cpr5p,NA,noinchikey_inpubchem
4hthr,NA,noinchikey_inpubchem
sucglu,NA,noinchikey_inpubchem
ipdp,NA,noinchikey_inpubchem
dttp,NA,noinchikey_inpubchem
lystrna,NA,noinchikey_inpubchem
1pipdn2c,GEJXSVNGWOSZPC-UHFFFAOYSA-N,C1CCN=C(C1)C(=O)O
3c3hmp,NA,noinchikey_inpubchem
dudp,NA,noinchikey_inpubchem
cpd03232,NA,noinchikey_inpubchem
h2s,RWSOTUBLDIXVET-UHFFFAOYSA-M,[SH-]
cm,WIIZWVCIJKGZOK-RKDXNWHRSA-N,C1=CC(=CC=C1C(C(CO)NC(=O)C(Cl)Cl)O)[N+](=O)[O-]
cpd11590,NA,noinchikey_inpubchem
ppbng,QSHWIQZFGQKFMA-UHFFFAOYSA-M,C1=C(C(=C(N1)C[NH3+])CC(=O)[O-])CCC(=O)[O-]
4r5au,XKQZIXVJVUPORE-RPDRRWSUSA-N,C(C(C(C(CO)O)O)O)NC1=C(C(=O)NC(=O)N1)N
thdp,CXMBCXQHOXUCEO-BYPYZUCNSA-L,C1CC(N=C(C1)C(=O)[O-])C(=O)[O-]
cpd15675,NA,noinchikey_inpubchem
cpd15671,NA,noinchikey_inpubchem
glu5sa,KABXUUFDPUOJMW-BYPYZUCNSA-N,C(CC(C(=O)O)N)C=O
cpd03656,NA,noinchikey_inpubchem
cpd03158,NA,noinchikey_inpubchem
dc2coa,MGNBGCRQQFMNBM-YJHHLLFWSA-J,CCCCCCCC=CC(=O)SCCNC(=O)CCNC(=O)C(C(C)(C)COP(=O)([O-])OP(=O)([O-])OCC1C(C(C(O1)N2C=NC3=C(N=CN=C32)N)O)OP(=O)([O-])[O-])O
cpd10562,NA,noinchikey_inpubchem
4abut,BTCSSZJGUNDROE-UHFFFAOYSA-N,C(CC(=O)O)CN
t3c11vaceACP,NA,noinchikey_inpubchem
cpd14795,NA,noinchikey_inpubchem
acg5p,FCVIHFVSXHOPSW-YFKPBYRVSA-K,CC(=O)NC(CCC(=O)OP(=O)([O-])[O-])C(=O)[O-]
cpd25888,NA,noinchikey_inpubchem
glutrna,NA,noinchikey_inpubchem
adhlam,ARGXEXVCHMNAQU-UHFFFAOYSA-N,CC(=O)SC(CCCCC(=O)N)CCS
sucsal,UIUJIQZEACWQSV-UHFFFAOYSA-M,C(CC(=O)[O-])C=O
cpd15603,NA,noinchikey_inpubchem
dgtp,HAAZLUGHYHWQIW-KVQBGUIXSA-J,C1C(C(OC1N2C=NC3=C2NC(=NC3=O)N)COP(=O)([O-])OP(=O)([O-])OP(=O)([O-])[O-])O
trans_dd2coa,IRFYVBULXZMEDE-DEEZISNZSA-J,CCCCCCCCCC=CC(=O)SCCNC(=O)CCNC(=O)C(C(C)(C)COP(=O)([O-])OP(=O)([O-])OCC1C(C(C(O1)N2C=NC3=C(N=CN=C32)N)O)OP(=O)([O-])[O-])O
dhnpt,YQIFAMYNGGOTFB-XINAWCOVSA-N,C1C(=NC2=C(N1)NC(=NC2=O)N)C(C(CO)O)O
26dap__M,GMKMEZVLHJARHF-SYDPRGILSA-N,C(CC(C(=O)O)N)CC(C(=O)O)N
cpd11822,NA,noinchikey_inpubchem
cpd12592,NA,noinchikey_inpubchem
DNA,NA,noinchikey_inpubchem
adocbip,MQCMBMUJJHSGIF-QMUWONGRSA-K,noinchikey_inpubchem
protdt,NA,noinchikey_inpubchem
cobalt2,XLJKHNWPARRRJB-UHFFFAOYSA-N,[Co+2]
cpd12868,NA,noinchikey_inpubchem
eig3p,HFYBTHCYPKEDQQ-RITPCOANSA-L,C1=C(NC=N1)C(C(COP(=O)([O-])[O-])O)O
dhf,OZRNSSUDZOLUSN-LBPRGKRZSA-L,C1C(=NC2=C(N1)NC(=NC2=O)N)CNC3=CC=C(C=C3)C(=O)NC(CCC(=O)[O-])C(=O)[O-]
2mbcoa,LYNVNYDEQMMNMZ-XGXNYEOVSA-J,CCC(C)C(=O)SCCNC(=O)CCNC(=O)C(C(C)(C)COP(=O)([O-])OP(=O)([O-])OCC1C(C(C(O1)N2C=NC3=C(N=CN=C32)N)O)OP(=O)([O-])[O-])O
cpd15673,NA,noinchikey_inpubchem
3hcvac11eACP,NA,noinchikey_inpubchem
xmp,DCTLYFZHFGENCW-UUOKFMHZSA-L,C1=NC2=C(N1C3C(C(C(O3)COP(=O)([O-])[O-])O)O)NC(=O)NC2=O
5prdmbz,ZMRGXEJKZPRBPJ-SYQHCUMBSA-L,CC1=CC2=C(C=C1C)N(C=N2)C3C(C(C(O3)COP(=O)([O-])[O-])O)O
cpd10552,NA,noinchikey_inpubchem
skm,JXOHGGNKMLTUBP-HSUXUTPPSA-M,C1C(C(C(C=C1C(=O)[O-])O)O)O
gmhep7p,SDADNVAZGVDAIM-ZUHYCWGWSA-L,C(C(C1C(C(C(C(O1)O)O)O)O)O)OP(=O)([O-])[O-]
cpd04106,NA,noinchikey_inpubchem
cpd11562,NA,noinchikey_inpubchem
mev__R,KJTLQQUUPVSXIM-ZCFIWIBFSA-M,CC(CCO)(CC(=O)[O-])O
ddcacoa,YMCXGHLSVALICC-GMHMEAMDSA-J,CCCCCCCCCCCC(=O)SCCNC(=O)CCNC(=O)C(C(C)(C)COP(=O)([O-])OP(=O)([O-])OCC1C(C(C(O1)N2C=NC3=C(N=CN=C32)N)O)OP(=O)([O-])[O-])O
4c2me,YFAUKWZNPVBCFF-XHIBXCGHSA-L,CC(CO)(C(COP(=O)([O-])OP(=O)([O-])OCC1C(C(C(O1)N2C=CC(=NC2=O)N)O)O)O)O
ade,GFFGJBXGBJISGV-UHFFFAOYSA-N,C1=NC2=NC=NC(=C2N1)N
cpd21087,NA,noinchikey_inpubchem
cpd01859,NA,noinchikey_inpubchem
2agpg160,ODJYINYQGFIIRK-UHFFFAOYSA-M,CCCCCCCCCCCCCCCC(=O)OC(CO)COP(=O)([O-])OCC(CO)O
apoACP,NA,noinchikey_inpubchem
aicar,NOTGFIUVDGNKRI-UUOKFMHZSA-L,C1=NC(=C(N1C2C(C(C(O2)COP(=O)([O-])[O-])O)O)N)C(=O)N
ptrc,KIDHWZJUCRJVML-UHFFFAOYSA-P,C(CC[NH3+])C[NH3+]
pg120,NA,noinchikey_inpubchem
cpd01324,NA,noinchikey_inpubchem
cpd09879,NA,noinchikey_inpubchem
cdpdag_BS,NA,noinchikey_inpubchem
apg140,HLSZVIULNVUBQI-YWPUXERESA-M,CCCCCCCCCCCCCC(=O)OCC(COP(=O)([O-])OCC(COC(=O)CCCCCCCCCCCCC)OC(=O)CCCCCCCCCCCCC)O
malcoa,LTYOQGRJFJAKNA-DVVLENMVSA-I,CC(C)(COP(=O)([O-])OP(=O)([O-])OCC1C(C(C(O1)N2C=NC3=C(N=CN=C32)N)O)OP(=O)([O-])[O-])C(C(=O)NCCC(=O)NCCSC(=O)CC(=O)[O-])O
cpd02807,NA,noinchikey_inpubchem
hpyr,HHDDCCUIIUWNGJ-UHFFFAOYSA-M,C(C(=O)C(=O)[O-])O
5aizc,XFVULMDJZXYMSG-ZIYNGMLESA-L,C1=NC(=C(N1C2C(C(C(O2)COP(=O)([O-])[O-])O)O)N)C(=O)O
cpd06739,NA,noinchikey_inpubchem
co2,CURLTUGMZLYLDI-UHFFFAOYSA-N,C(=O)=O
2agpe120,NPAZKTOOMVQLIH-UHFFFAOYSA-N,CCCCCCCCCCCC(=O)OC(CO)COP(=O)(O)OCCN
cpd15697,NA,noinchikey_inpubchem
4hglu,HBDWQSHEVMSFGY-SCQFTWEKSA-M,C(C(C(=O)[O-])[NH3+])C(C(=O)[O-])O
pgp181,NA,noinchikey_inpubchem
agm,QYPPJABKJHAVHS-UHFFFAOYSA-P,C(CC[NH+]=C(N)N)C[NH3+]
protds,NA,noinchikey_inpubchem
spmd,ATHGHQPFGPMSJY-UHFFFAOYSA-Q,C(CC[NH2+]CCC[NH3+])C[NH3+]
cpd10484,NA,noinchikey_inpubchem
alltn,POJWUDADGALRAB-UHFFFAOYSA-N,C1(C(=O)NC(=O)N1)NC(=O)N
acg5sa,BCPSFKBPHHBDAI-LURJTMIESA-M,CC(=O)NC(CCC=O)C(=O)[O-]
dpterol,PNJBOAVCVAVRGR-UDCAXGDQSA-N,CC1(CCCC2(C1CCC3(C2CCC4C3(CCC5C4(CCC5C(C)(C)O)C)C)C)C)C
cdpdodec11eg,KISJWPWNABZPGN-IGIWICMZSA-L,noinchikey_inpubchem
trnaval,NA,noinchikey_inpubchem
chsterol,HVYWMOMLDIMFJA-DPAQBDIFSA-N,CC(C)CCCC(C)C1CCC2C1(CCC3C2CC=C4C3(CCC(C4)O)C)C
5mthf,ZNOVTXRBGFNYRX-STQMWFEESA-L,CN1C(CNC2=C1C(=O)N=C(N2)N)CNC3=CC=C(C=C3)C(=O)NC(CCC(=O)[O-])C(=O)[O-]
fru,RFSUNEUAIZKAJO-VRPWFDPXSA-N,C(C1C(C(C(O1)(CO)O)O)O)O
cpd00190,NA,noinchikey_inpubchem
cpd03193,NA,noinchikey_inpubchem
2ahbut,VUQLHQFKACOHNZ-LURJTMIESA-M,CCC(C(=O)C)(C(=O)[O-])O
adphep_LD,KMSFWBYFWSKGGR-DTBZDYEHSA-L,C1=NC(=C2C(=N1)N(C=N2)C3C(C(C(O3)COP(=O)([O-])OP(=O)([O-])OC4C(C(C(C(O4)C(CO)O)O)O)O)O)O)N
tdecoa,NA,noinchikey_inpubchem
cpd15719,NA,noinchikey_inpubchem
cpd15064,NA,noinchikey_inpubchem
cpd11827,NA,noinchikey_inpubchem
1odec11eg3p,NA,noinchikey_inpubchem
pdx5p,WHOMFKWHIQZTHY-UHFFFAOYSA-L,CC1=NC=C(C(=C1O)CO)COP(=O)([O-])[O-]
cpd10561,NA,noinchikey_inpubchem
cpd02014,NA,noinchikey_inpubchem
gthox,YPZRWBKMTBYPTK-BJDJZHNGSA-L,C(CC(=O)NC(CSSCC(C(=O)NCC(=O)[O-])NC(=O)CCC(C(=O)[O-])[NH3+])C(=O)NCC(=O)[O-])C(C(=O)[O-])[NH3+]
hdd2coa,JUPAQFRKPHPXLD-MSHHSVQMSA-J,CCCCCCCCCCCCCC=CC(=O)SCCN=C(CCN=C(C(C(C)(C)COP(=O)(O)OP(=O)(O)OCC1C(C(C(O1)N2C=NC3=C(N=CN=C32)N)O)OP(=O)([O-])[O-])O)[O-])[O-]
nad,BAWFJGJZGIEFAR-NNYOXOHSSA-M,C1=CC(=C[N+](=C1)C2C(C(C(O2)COP(=O)([O-])OP(=O)([O-])OCC3C(C(C(O3)N4C=NC5=C(N=CN=C54)N)O)O)O)O)C(=O)N
cpd11531,NA,noinchikey_inpubchem
uamr,NQBRVZNDBBMBLJ-MQTLHLSBSA-K,CC(C(=O)[O-])OC1C(C(OC(C1O)CO)OP(=O)([O-])OP(=O)([O-])OCC2C(C(C(O2)N3C=CC(=O)NC3=O)O)O)NC(=O)C
protrna,NA,noinchikey_inpubchem
1hdec9eg3p,NA,noinchikey_inpubchem
seahcys,NA,noinchikey_inpubchem
3oddecACP,NA,noinchikey_inpubchem
cpd15067,NA,noinchikey_inpubchem
cpd07971,NA,noinchikey_inpubchem
cbp,FFQKYPRQEYGKAF-UHFFFAOYSA-L,C(=O)(N)OP(=O)([O-])[O-]
56dthm,NBAKTGXDIBVZOO-UHFFFAOYSA-N,CC1CNC(=O)NC1=O
uGgla,PFMVORMCVGOQKR-XEKCPOMLSA-K,CC(C(=O)NC(CCC(=O)NC(CCCC[NH3+])C(=O)NC(C)C(=O)NC(C)C(=O)[O-])C(=O)[O-])NC(=O)C(C)OC1C(C(OC(C1O)CO)OP(=O)([O-])OP(=O)([O-])OCC2C(C(C(O2)N3C=CC(=O)NC3=O)O)O)NC(=O)C
ala__L,QNAYBMKLOCPYGJ-REOHCLBHSA-N,CC(C(=O)O)N
cpd00966,NA,noinchikey_inpubchem
thm,MYVIATVLJGTBFV-UHFFFAOYSA-M,CC1=C(SC=[N+]1CC2=CN=C(N=C2N)C)CCO.[Cl-]
ggagicolipa,WLEFLXRCTUWFSD-CCRRCLIHSA-C,CCCCCCCCCCCCCC(=O)OC(CCCCCCCCCCC)CC(=O)OC1C(C(OC(C1OP(=O)([O-])[O-])COC2(CC(C(C(O2)C(CO)O)OC3C(C(C(C(O3)C(CO)O)OP(=O)([O-])[O-])OC4C(C(C(C(O4)C(COC5C(C(C(C(O5)C(CO)O)O)O)O)O)OP(=O)([O-])[O-])OC6C(C(C(C(O6)COC7C(C(C(C(O7)CO)O)O)O)O)OC8C(C(C(C(O8)CO)O)O)O)O)O)O)OC9(CC(C(C(O9)C(CO)O)OC1C(C(C(C(O1)C)O)O)O)OC1(CC(C(C(O1)C(CO)O)O)O)C(=O)[O-])C(=O)[O-])C(=O)[O-])OCC1C(C(C(C(O1)OP(=O)(O)O)N=C(CC(CCCCCCCCCCC)O)[O-])OC(=O)CC(CCCCCCCCCCC)O)O)N=C(CC(CCCCCCCCCCC)OC(=O)CCCCCCCCCCC)[O-]
glyc,PEDCQBHIVMGVHV-UHFFFAOYSA-N,C(C(CO)O)O
psd5p,NA,noinchikey_inpubchem
cpd12050,NA,noinchikey_inpubchem
forglu,NRXIKWMTVXPVEF-BYPYZUCNSA-M,C(CC(=O)[O-])C(C(=O)[O-])[NH+]=CN
hg2,BQPIGGFYSBELGY-UHFFFAOYSA-N,[Hg+2]
actACP,NA,noinchikey_inpubchem
cpd11581,NA,noinchikey_inpubchem
dhna,VOJUXHHACRXLTD-UHFFFAOYSA-M,C1=CC=C2C(=C1)C(=CC(=C2O)C(=O)[O-])O
trp__L,QIVBCDIJIAJPQS-VIFPVBQESA-N,C1=CC=C2C(=C1)C(=CN2)CC(C(=O)O)N
acgam1p,FZLJPEPAYPUMMR-RTRLPJTCSA-L,noinchikey_inpubchem
cpd04661,NA,noinchikey_inpubchem
1hdecg3p,NA,noinchikey_inpubchem
na1,FKNQFGJONOIPTF-UHFFFAOYSA-N,[Na+]
stcoa,SIARJEKBADXQJG-LFZQUHGESA-J,CCCCCCCCCCCCCCCCCC(=O)SCCNC(=O)CCNC(=O)C(C(C)(C)COP(=O)([O-])OP(=O)([O-])OCC1C(C(C(O1)N2C=NC3=C(N=CN=C32)N)O)OP(=O)([O-])[O-])O
rnam,JLEBZPBDRKPWTD-TURQNECASA-O,C1=CC(=C[N+](=C1)C2C(C(C(O2)CO)O)O)C(=O)N
clpn161,UYSHBKYVDAZLKJ-GMUISZSCSA-L,noinchikey_inpubchem
cpd15572,NA,noinchikey_inpubchem
cpd02135,NA,noinchikey_inpubchem
cpd01651,NA,noinchikey_inpubchem
6pgc,BIRSGZKFKXLSJQ-SQOUGZDYSA-K,C(C(C(C(C(C(=O)[O-])O)O)O)O)OP(=O)([O-])[O-]
3hdecACP,NA,noinchikey_inpubchem
cpd15721,NA,noinchikey_inpubchem
cpd03289,NA,noinchikey_inpubchem
4hba,BVJSUAQZOZWCKN-UHFFFAOYSA-N,C1=CC(=CC=C1CO)O
hdcoa,NA,noinchikey_inpubchem
cbasp,HLKXYZVTANABHZ-REOHCLBHSA-L,C(C(C(=O)[O-])NC(=O)N)C(=O)[O-]
palmACP,NA,noinchikey_inpubchem
Sfglutth,FHXAGOICBFGEBF-BQBZGAKWSA-M,C(CC(=O)NC(CSC=O)C(=O)NCC(=O)[O-])C(C(=O)[O-])[NH3+]
salc,YGSDEFSMJLZEOE-UHFFFAOYSA-M,C1=CC=C(C(=C1)C(=O)[O-])O
cpd15268,NA,noinchikey_inpubchem
sucgsa,XTOKIEIBKARFSZ-LURJTMIESA-L,C(CC(C(=O)[O-])NC(=O)CCC(=O)[O-])C=O
4per,ZCZXOHUILRHRQJ-PWNYCUMCSA-K,C(C(C(C(=O)[O-])O)O)OP(=O)([O-])[O-]
cpd03518,NA,noinchikey_inpubchem
cpd11551,NA,noinchikey_inpubchem
fe2,CWYNVVGOOAEACU-UHFFFAOYSA-N,[Fe+2]
cpd11979,NA,noinchikey_inpubchem
cpd25881,NA,noinchikey_inpubchem
cpd12190,NA,noinchikey_inpubchem
cpd32729,NA,noinchikey_inpubchem
cpd18036,NA,noinchikey_inpubchem
nadh,BOPGDPNILDQYTO-NNYOXOHSSA-L,C1C=CN(C=C1C(=O)N)C2C(C(C(O2)COP(=O)([O-])OP(=O)([O-])OCC3C(C(C(O3)N4C=NC5=C(N=CN=C54)N)O)O)O)O
LalaLglu,VYZAGTDAHUIRQA-WHFBIAKZSA-M,CC(C(=O)NC(CCC(=O)[O-])C(=O)[O-])[NH3+]
3php,LFLUCDOSQPJJBE-UHFFFAOYSA-K,C(C(=O)C(=O)[O-])OP(=O)([O-])[O-]
cpd02267,NA,noinchikey_inpubchem
coa,RGJOEKWQDUBAIZ-IBOSZNHHSA-J,CC(C)(COP(=O)([O-])OP(=O)([O-])OCC1C(C(C(O1)N2C=NC3=C(N=CN=C32)N)O)OP(=O)([O-])[O-])C(C(=O)NCCC(=O)NCCS)O
sucarg,UMOXFSXIFQOWTD-LURJTMIESA-M,C(CC(C(=O)[O-])NC(=O)CCC(=O)[O-])C[NH+]=C(N)N
cpd11561,NA,noinchikey_inpubchem
ametam,ZUNBITIXDCPNSD-LSRJEVITSA-O,C[S+](CCC[NH3+])CC1C(C(C(O1)N2C=NC3=C(N=CN=C32)N)O)O
acald,IKHGUXGNUITLKF-UHFFFAOYSA-N,CC=O
cpd03709,NA,noinchikey_inpubchem
cpd15723,NA,noinchikey_inpubchem
cpd03245,NA,noinchikey_inpubchem
cpd11515,NA,noinchikey_inpubchem
5hxkyn,NA,noinchikey_inpubchem
gln__L,ZDXPYRJPNDTMRX-VKHMYHEASA-N,C(CC(=O)N)C(C(=O)O)N
cpd12606,NA,noinchikey_inpubchem
hxcoa,NA,noinchikey_inpubchem
pgp180,UZNYMWWMHBZMLI-IOLBBIBUSA-K,CCCCCCCCCCCCCCCCCC(=O)OCC(COP(=O)([O-])OCC(COP(=O)([O-])[O-])O)OC(=O)CCCCCCCCCCCCCCCCC
dha,RXKJFZQQPQGTFL-UHFFFAOYSA-N,C(C(=O)CO)O
cpd11567,NA,noinchikey_inpubchem
cpd11572,NA,noinchikey_inpubchem
cpd00542,NA,noinchikey_inpubchem
glu__L,WHUUTDBJXJRKMK-VKHMYHEASA-M,C(CC(=O)[O-])C(C(=O)[O-])[NH3+]
ps120,NA,noinchikey_inpubchem
ahcys,ZJUKTBDSGOFHSH-WFMPWKQPSA-N,C1=NC(=C2C(=N1)N(C=N2)C3C(C(C(O3)CSCCC(C(=O)O)N)O)O)N
acACP,NA,noinchikey_inpubchem
cpd08238,NA,noinchikey_inpubchem
4abz,ALYNCZNDIQEVRV-UHFFFAOYSA-M,C1=CC(=CC=C1C(=O)[O-])N
2pglyc,ASCFNMCAHFUBCO-UHFFFAOYSA-K,C(C(=O)[O-])OP(=O)([O-])[O-]
dimp,PHNGFPPXDJJADG-RRKCRQDMSA-L,C1C(C(OC1N2C=NC3=C2NC=NC3=O)COP(=O)([O-])[O-])O
1ddecg3p,STTKJLVEXMKLNA-CQSZACIVSA-L,CCCCCCCCCCCC(=O)OCC(COP(=O)([O-])[O-])O
3dhq,WVMWZWGZRAXUBK-SYTVJDICSA-M,C1C(C(C(=O)CC1(C(=O)[O-])O)O)O
trnaala,NA,noinchikey_inpubchem
his__L,HNDVDQJCIGZPNO-YFKPBYRVSA-N,C1=C(NC=N1)CC(C(=O)O)N
cpd11500,NA,noinchikey_inpubchem
3omrsACP,NA,noinchikey_inpubchem
kdo,NNLZBVFSCVTSLA-HXUQBWEZSA-M,C1C(C(C(OC1(C(=O)[O-])O)C(CO)O)O)O
gdp,QGWNDRXFNXRZMB-UUOKFMHZSA-K,C1=NC2=C(N1C3C(C(C(O3)COP(=O)([O-])OP(=O)([O-])[O-])O)O)NC(=NC2=O)N
n6all26d,KYVLWJXMCBZDRL-BQBZGAKWSA-M,CC(=O)NC(CCCC(C(=O)[O-])[NH3+])C(=O)[O-]
glytrna,NA,noinchikey_inpubchem
cpd08741,NA,noinchikey_inpubchem
5apru,LZEXYCAGPMYXLX-UMMCILCDSA-L,C(C1C(C(C(O1)NC2=C(C(=O)NC(=O)N2)N)O)O)OP(=O)([O-])[O-]
cpd00354,NA,noinchikey_inpubchem
mettrna,NA,noinchikey_inpubchem
cpd15691,NA,noinchikey_inpubchem
dcyt,CKTSBUTUHBMZGZ-SHYZEUOFSA-N,C1C(C(OC1N2C=CC(=NC2=O)N)CO)O
n2,IJGRMHOSHXDMSA-UHFFFAOYSA-N,N#N
fpram,PMCOGCVKOAOZQM-ZRTZXPPTSA-M,C(C1C(C(C(O1)[NH+]=C(CNC=O)N)O)O)OP(=O)([O-])[O-]
cpd01679,NA,noinchikey_inpubchem
cpd02733,NA,noinchikey_inpubchem
mi34p,NA,noinchikey_inpubchem
cpd15685,NA,noinchikey_inpubchem
damp,KHWCHTKSEGGWEX-RRKCRQDMSA-L,C1C(C(OC1N2C=NC3=C(N=CN=C32)N)COP(=O)([O-])[O-])O
cpd11573,NA,noinchikey_inpubchem
arab__L,PYMYPHUHKUWMLA-VAYJURFESA-N,C(C(C(C(C=O)O)O)O)O
pe140,NA,noinchikey_inpubchem
cdpea,WVIMUEUQJFPNDK-PEBGCTIMSA-M,C1=CN(C(=O)N=C1N)C2C(C(C(O2)COP(=O)([O-])OP(=O)([O-])OCC[NH3+])O)O
Ndmelys,NA,noinchikey_inpubchem
tddec2eACP,NA,noinchikey_inpubchem
trnahis,NA,noinchikey_inpubchem
nadp,XJLXINKUBYWONI-NNYOXOHSSA-K,C1=CC(=C[N+](=C1)C2C(C(C(O2)COP(=O)([O-])OP(=O)([O-])OCC3C(C(C(O3)N4C=NC5=C(N=CN=C54)N)OP(=O)([O-])[O-])O)O)O)C(=O)N
gmhep1p,KMEJCSKJXSBBAN-QTNLNCNHSA-L,C(C(C1C(C(C(C(O1)OP(=O)([O-])[O-])O)O)O)O)O
uppg1,QTTNOSKSLATGQB-UHFFFAOYSA-F,C1C2=C(C(=C(N2)CC3=C(C(=C(N3)CC4=C(C(=C(N4)CC5=C(C(=C1N5)CC(=O)[O-])CCC(=O)[O-])CC(=O)[O-])CCC(=O)[O-])CC(=O)[O-])CCC(=O)[O-])CC(=O)[O-])CCC(=O)[O-]
aflburppa,FKTHAKABFGARQH-UHFFFAOYSA-M,C(C(C(=O)[O-])F)NC(=O)N
kdo8p,IZZNRKJLBIYBJN-HXUQBWEZSA-K,C1C(C(C(OC1(C(=O)[O-])O)C(COP(=O)([O-])[O-])O)O)O
dhor__S,UFIVEPVSAGBUSI-REOHCLBHSA-M,C1C(NC(=O)NC1=O)C(=O)[O-]
lac__D,JVTAAEKCZFNVCJ-UWTATZPHSA-M,CC(C(=O)[O-])O
2fe1s,NA,noinchikey_inpubchem
kphphhlipa,HKWVBDGTKAFRJF-UHFFFAOYSA-C,CCCCCCCCCCCCCC(=O)OC(CCCCCCCCCCC)CC(=O)OC1C(C(OC(C1OP(=O)([O-])[O-])COC2(CC(C(C(O2)C(CO)O)OC3C(C(C(C(O3)C(CO)O)OP(=O)([O-])[O-])OC4C(C(C(C(O4)C(COC5C(C(C(C(O5)C(CO)O)O)O)O)O)OP(=O)([O-])[O-])O)O)O)OC6(CC(C(C(O6)C(CO)O)O)OC7(CC(C(C(O7)C(CO)O)O)O)C(=O)[O-])C(=O)[O-])C(=O)[O-])OCC8C(C(C(C(O8)OP(=O)(O)O)N=C(CC(CCCCCCCCCCC)O)[O-])OC(=O)CC(CCCCCCCCCCC)O)O)N=C(CC(CCCCCCCCCCC)OC(=O)CCCCCCCCCCC)[O-]
cd2,WLZRMCYVCSSEQC-UHFFFAOYSA-N,[Cd+2]
cpd03366,NA,noinchikey_inpubchem
2ohph,YGTMSXVYLRCOLD-MGDAWYEDSA-N,noinchikey_inpubchem
cpd11547,NA,noinchikey_inpubchem
dopa,VYFYYTLLBUKUHU-UHFFFAOYSA-O,C1=CC(=C(C=C1CC[NH3+])O)O
acglu,RFMMMVDNIPUKGG-YFKPBYRVSA-L,CC(=O)NC(CCC(=O)[O-])C(=O)[O-]
fald,WSFSSNUMVMOOMR-UHFFFAOYSA-N,C=O
gthrd,RWSXRVCMGQZWBV-WDSKDSINSA-M,C(CC(=O)NC(C[S-])C(=O)NCC(=O)O)C(C(=O)O)N
but2eACP,NA,noinchikey_inpubchem
trnatrp,NA,noinchikey_inpubchem
cpd02952,NA,noinchikey_inpubchem
glucys,RITKHVBHSGLULN-WHFBIAKZSA-M,C(CC(=O)NC(CS)C(=O)[O-])C(C(=O)[O-])[NH3+]
cpd10558,NA,noinchikey_inpubchem
glyald,MNQZXJOMYWMBOU-VKHMYHEASA-N,C(C(C=O)O)O
cpd01140,NA,noinchikey_inpubchem
ru5p__L,FNZLKVNUWIIPSJ-CRCLSJGQSA-L,C(C(C(C(=O)CO)O)O)OP(=O)([O-])[O-]
mercppyr,OJOLFAIGOXZBCI-UHFFFAOYSA-M,C(C(=O)C(=O)[O-])S
prfp,QOUSHGMTBIIAHR-KEOHHSTQSA-J,C1=NC(=C(N1C2C(C(C(O2)COP(=O)([O-])[O-])O)O)NC=NC3C(C(C(O3)COP(=O)([O-])[O-])O)O)C(=O)N
cpd16401,NA,noinchikey_inpubchem
prbatp,RKNHJBVBFHDXGR-KEOHHSTQSA-H,C1=NC2=C(N1C3C(C(C(O3)COP(=O)([O-])OP(=O)([O-])OP(=O)([O-])[O-])O)O)N=CN(C2=N)C4C(C(C(O4)COP(=O)([O-])[O-])O)O
4gudbutn,TUHVEAJXIMEOSA-UHFFFAOYSA-N,C(CC(=O)O)CN=C(N)N
2hdec9eg3p,NA,noinchikey_inpubchem
cala,JSJWCHRYRHKBBW-UHFFFAOYSA-M,C(CNC(=O)N)C(=O)[O-]
cpd08739,NA,noinchikey_inpubchem
h2mb4p,MDSIZRKJVDMQOQ-GORDUTHDSA-K,CC(=CCOP(=O)([O-])OP(=O)([O-])[O-])CO
rbl__L,ZAQJHHRNXZUBTE-UCORVYFPSA-N,C(C(C(C(=O)CO)O)O)O
cpd11516,NA,noinchikey_inpubchem
agdpcbi,IQTYKHRKNGVJEO-RRMAJTJESA-K,noinchikey_inpubchem
2agpe160,CKPBBEOJHAPPBT-HXUWFJFHSA-N,CCCCCCCCCCCCCCCC(=O)OC(CO)COP(=O)(O)OCCN
sql,YYGNTYWPHWGJRM-AAJYLUCBSA-N,CC(=CCCC(=CCCC(=CCCC=C(C)CCC=C(C)CCC=C(C)C)C)C)C
2dda7p,PJWIPEXIFFQAQZ-PUFIMZNGSA-K,C(C(C(C(COP(=O)([O-])[O-])O)O)O)C(=O)C(=O)[O-]
5mta,WUUGFSXJNOTRMR-IOSLPCCCSA-N,CSCC1C(C(C(O1)N2C=NC3=C(N=CN=C32)N)O)O
3psme,QUTYKIXIUDQOLK-PRJMDXOYSA-J,C=C(C(=O)[O-])OC1CC(=CC(C1O)OP(=O)([O-])[O-])C(=O)[O-]
cpd11559,NA,noinchikey_inpubchem
25aics,NAQGHJTUZRHGAC-ZZZDFHIKSA-J,C1=NC(=C(N1C2C(C(C(O2)COP(=O)([O-])[O-])O)O)N)C(=O)NC(CC(=O)[O-])C(=O)[O-]
mmcoa__S,MZFOKIKEPGUZEN-IBNUZSNCSA-I,CC(C(=O)[O-])C(=O)SCCNC(=O)CCNC(=O)C(C(C)(C)COP(=O)([O-])OP(=O)([O-])OCC1C(C(C(O1)N2C=NC3=C(N=CN=C32)N)O)OP(=O)([O-])[O-])O
uaagmda,OXJNZXDFVLDLEI-MBCYCBSHSA-J,CC(C(=O)NC(CCC(=O)NC(CCCC(C(=O)[O-])[NH3+])C(=O)NC(C)C(=O)NC(C)C(=O)[O-])C(=O)[O-])NC(=O)C(C)OC1C(C(OC(C1OC2C(C(C(C(O2)CO)O)O)NC(=O)C)CO)OP(=O)([O-])OP(=O)([O-])OCC=C(C)CCC=C(C)CCC=C(C)CCC=C(C)CCC=C(C)CCC=C(C)CCC=C(C)CCC=C(C)CCC=C(C)CCC=C(C)CCC=C(C)C)NC(=O)C
2me4p,XMWHRVNVKDKBRG-UHNVWZDZSA-L,CC(CO)(C(COP(=O)([O-])[O-])O)O
cyart,ONQRKEUAIJMULO-SPBTXPORSA-N,CC(CCC=C(C)C)C1CCC2(C1(CCC34C2CCC5C3(C4)CCC(C5(C)C)O)C)C
cpd11439,NA,noinchikey_inpubchem
succ,KDYFGRWQOYBRFD-UHFFFAOYSA-L,C(CC(=O)[O-])C(=O)[O-]
Nforglu,ADZLWSMFHHHOBV-BYPYZUCNSA-L,C(CC(=O)[O-])C(C(=O)[O-])NC=O
3hhexACP,NA,noinchikey_inpubchem
acon_C,GTZCVFVGUGFEME-IWQZZHSRSA-K,C(C(=CC(=O)[O-])C(=O)[O-])C(=O)[O-]
cpd11546,NA,noinchikey_inpubchem
3c4mop,HIIZAGQWABAMRR-BYPYZUCNSA-L,CC(C)C(C(=O)C(=O)[O-])C(=O)[O-]
trnaasp,NA,noinchikey_inpubchem
cpd11552,NA,noinchikey_inpubchem
co2dam,IADMSJRJSGLGJI-OKJGWHJPSA-H,CC1=C2C(C(C([N-]2)C3(C(C(C(=N3)C(=C4C(C(C(=N4)C=C5C(C(C1=N5)CCC(=O)[O-])(C)C)CCC(=O)[O-])(C)CC(=O)N)C)CCC(=O)[O-])(C)CC(=O)N)C)CC(=O)[O-])(C)CCC(=O)[O-].[Co+2]
acgam6p,BRGMHAYQAZFZDJ-RTRLPJTCSA-L,CC(=O)NC1C(C(C(OC1O)COP(=O)([O-])[O-])O)O
ura,ISAKRJDGNUQOIC-UHFFFAOYSA-N,C1=CNC(=O)NC1=O
cpd02380,NA,noinchikey_inpubchem
cpd02999,NA,noinchikey_inpubchem
TAGS,NA,noinchikey_inpubchem
cpd03205,NA,noinchikey_inpubchem
pgp161,PTJJTQQVMKSSOK-WXUKJITCSA-K,CCCCCCC=CCCCCCCCC(=O)OCC(COP(=O)([O-])OCC(COP(=O)([O-])[O-])O)OC(=O)CCCCCCCC=CCCCCCC
uamag,OJZCATPXPWFLHF-HPUCEMLMSA-J,CC(C(=O)NC(CCC(=O)[O-])C(=O)[O-])NC(=O)C(C)OC1C(C(OC(C1O)CO)OP(=O)([O-])OP(=O)([O-])OCC2C(C(C(O2)N3C=CC(=O)NC3=O)O)O)NC(=O)C
cpd11513,NA,noinchikey_inpubchem
cpd10567,NA,noinchikey_inpubchem
cpd09791,NA,noinchikey_inpubchem
cpd02419,NA,noinchikey_inpubchem
4hbz,FJKROLUGYXJWQN-UHFFFAOYSA-M,C1=CC(=CC=C1C(=O)[O-])O
10fthf,AUFGTPPARQZWDO-YPMHNXCESA-L,C1C(NC2=C(N1)NC(=NC2=O)N)CN(C=O)C3=CC=C(C=C3)C(=O)NC(CCC(=O)[O-])C(=O)[O-]
aspsa,HOSWPDPVFBCLSY-VKHMYHEASA-N,C(C=O)C(C(=O)O)N
cys__L,XUJNEKJLAYXESH-REOHCLBHSA-N,C(C(C(=O)O)N)S
1agpg161,NA,noinchikey_inpubchem
cpd11564,NA,noinchikey_inpubchem
cpd10536,NA,noinchikey_inpubchem
3ocmrs7eACP,NA,noinchikey_inpubchem
glu__D,WHUUTDBJXJRKMK-GSVOUGTGSA-M,C(CC(=O)O)C(C(=O)[O-])N
cpd11511,NA,noinchikey_inpubchem
cpd03519,NA,noinchikey_inpubchem
cmp2amep,NA,noinchikey_inpubchem
cpd10501,NA,noinchikey_inpubchem
pgp160,ONJBJMDJKLHMEK-MPQUPPDSSA-K,CCCCCCCCCCCCCCCC(=O)OCC(COP(=O)([O-])OCC(COP(=O)([O-])[O-])O)OC(=O)CCCCCCCCCCCCCCC
pi,NBIIXXVUZAFLBC-UHFFFAOYSA-L,OP(=O)([O-])[O-]
3hpcoa,BERBFZCUSMQABM-IEXPHMLFSA-J,CC(C)(COP(=O)([O-])OP(=O)([O-])OCC1C(C(C(O1)N2C=NC3=C(N=CN=C32)N)O)OP(=O)([O-])[O-])C(C(=O)NCCC(=O)NCCSC(=O)CCO)O
2agpg181,NA,noinchikey_inpubchem
citr__L,RHGKLRLOHDJJDR-BYPYZUCNSA-N,C(CC(C(=O)O)N)CNC(=O)N
ichor,NTGWPRCCOQCMGE-YUMQZZPRSA-L,C=C(C(=O)[O-])OC1C=CC=C(C1O)C(=O)[O-]
dtdpglu,YSYKRGRSMLTJNL-URARBOGNSA-L,CC1=CN(C(=O)NC1=O)C2CC(C(O2)COP(=O)([O-])OP(=O)([O-])OC3C(C(C(C(O3)CO)O)O)O)O
dcmp,NCMVOABPESMRCP-SHYZEUOFSA-L,C1C(C(OC1N2C=CC(=NC2=O)N)COP(=O)([O-])[O-])O
cpd11504,NA,noinchikey_inpubchem
retinol,FPIPGXGPPPQFEQ-OVSJKPMPSA-N,CC1=C(C(CCC1)(C)C)C=CC(=CC=CC(=CCO)C)C
4ppcys,XQYALQVLCNHCFT-CBAPKCEASA-K,CC(C)(COP(=O)([O-])[O-])C(C(=O)NCCC(=O)NC(CS)C(=O)[O-])O
pro__L,ONIBWKKTOPOVIA-BYPYZUCNSA-N,C1CC(NC1)C(=O)O
adpglc,WFPZSXYXPSUOPY-ROYWQJLOSA-L,C1=NC(=C2C(=N1)N(C=N2)C3C(C(C(O3)COP(=O)([O-])OP(=O)([O-])OC4C(C(C(C(O4)CO)O)O)O)O)O)N
t3c7mrseACP,NA,noinchikey_inpubchem
3mob,QHKABHOOEWYVLI-UHFFFAOYSA-M,CC(C)C(=O)C(=O)[O-]
paps,GACDQMDRPRGCTN-KQYNXXCUSA-J,C1=NC(=C2C(=N1)N(C=N2)C3C(C(C(O3)COP(=O)([O-])OS(=O)(=O)[O-])OP(=O)([O-])[O-])O)N
5flura,GHASVSINZRGABV-UHFFFAOYSA-N,C1=C(C(=O)NC(=O)N1)F
cpd12076,NA,noinchikey_inpubchem
2ommb,FLYBTLROCQBHMR-KFSSTAEESA-N,CC1=C(C(=O)C(=CC1=O)OC)CC=C(C)CCC=C(C)CCC=C(C)CCC=C(C)CCC=C(C)CCC=C(C)CCC=C(C)CCC=C(C)C
cpd11582,NA,noinchikey_inpubchem
RNA,NA,noinchikey_inpubchem
2mahmp,AGQJQCFEPUVXNK-UHFFFAOYSA-K,CC1=NC=C(C(=N1)N)COP(=O)([O-])OP(=O)([O-])[O-]
uaaGgla,ULXTYUPMJXVUHQ-OVTFQNCVSA-K,CC(C(=O)NC(CCC(=O)NC(CCCC[NH3+])C(=O)NC(C)C(=O)NC(C)C(=O)[O-])C(=O)[O-])NC(=O)C(C)OC1C(C(OC(C1OC2C(C(C(C(O2)CO)O)O)NC(=O)C)CO)OP(=O)([O-])OP(=O)([O-])OCC=C(C)CCC=C(C)CCC=C(C)CCC=C(C)CCC=C(C)CCC=C(C)CCC=C(C)CCC=C(C)CCC=C(C)CCC=C(C)CCC=C(C)C)NC(=O)C
cgly,ZUKPVRWZDMRIEO-VKHMYHEASA-N,C(C(C(=O)NCC(=O)O)N)S
cpd02996,NA,noinchikey_inpubchem
uaaAgla,NA,noinchikey_inpubchem
g3ps,ZWZWYGMENQVNFU-UHNVWZDZSA-M,C(C(COP(=O)([O-])OCC(C(=O)[O-])[NH3+])O)O
CARDIOLIPIN,NA,noinchikey_inpubchem
cpd11529,NA,noinchikey_inpubchem
prbamp,RTQMRTSPTLIIHM-KEOHHSTQSA-J,C1=NC2=C(N1C3C(C(C(O3)COP(=O)([O-])[O-])O)O)N=CN(C2=N)C4C(C(C(O4)COP(=O)([O-])[O-])O)O
cpd03657,NA,noinchikey_inpubchem
cpd15716,NA,noinchikey_inpubchem
cpd11548,NA,noinchikey_inpubchem
gam6p,XHMJOUIAFHJHBW-IVMDWMLBSA-M,C(C1C(C(C(C(O1)O)[NH3+])O)O)OP(=O)([O-])[O-]
pg180,FVJZSBGHRPJMMA-IOLBBIBUSA-M,CCCCCCCCCCCCCCCCCC(=O)OCC(COP(=O)([O-])OCC(CO)O)OC(=O)CCCCCCCCCCCCCCCCC
2agpe161,NA,noinchikey_inpubchem
leu__L,ROHFNLRQFUQHCH-YFKPBYRVSA-N,CC(C)CC(C(=O)O)N
5pmev,OKZYCXHTTZZYSK-ZCFIWIBFSA-K,CC(CCOP(=O)([O-])[O-])(CC(=O)[O-])O
tym,DZGWFCGJZKJUFP-UHFFFAOYSA-O,C1=CC(=CC=C1CC[NH3+])O
cpd09804,NA,noinchikey_inpubchem
zymst,CGSJXLIKVBJVRY-XTGBIJOFSA-N,CC(CCC=C(C)C)C1CCC2C1(CCC3=C2CCC4C3(CCC(C4)O)C)C
5hxkynam,JANBBPTXDKFOQR-UHFFFAOYSA-O,C1=CC(=C(C=C1O)C(=O)CC[NH3+])N
4h2oglt,WXSKVKPSMAHCSG-UHFFFAOYSA-L,C(C(C(=O)[O-])O)C(=O)C(=O)[O-]
ddca,NA,noinchikey_inpubchem
uaaAgtla,NA,noinchikey_inpubchem
c190cACP,NA,noinchikey_inpubchem
cpd15688,NA,noinchikey_inpubchem
5houdic,WHKYNCPIXMNTRQ-UHFFFAOYSA-M,C1(=NC(=O)NC1(C(=O)[O-])O)NC(=O)N
hisp,CWNDERHTHMWBSI-YFKPBYRVSA-M,C1=C(NC=N1)CC(COP(=O)([O-])[O-])[NH3+]
dmlz,SXDXRJZUAJBNFL-XKSSXDPKSA-M,CC1=C(N(C2=NC(=NC(=O)C2=N1)[O-])CC(C(C(CO)O)O)O)C
cpd01956,NA,noinchikey_inpubchem
icit,ODBLHEXUDAPZAU-UHFFFAOYSA-K,C(C(C(C(=O)[O-])O)C(=O)[O-])C(=O)[O-]
cpd15680,NA,noinchikey_inpubchem
cpd03655,NA,noinchikey_inpubchem
tdcoa,DUAFKXOFBZQTQE-QSGBVPJFSA-J,CCCCCCCCCCCCCC(=O)SCCNC(=O)CCNC(=O)C(C(C)(C)COP(=O)([O-])OP(=O)([O-])OCC1C(C(C(O1)N2C=NC3=C(N=CN=C32)N)O)OP(=O)([O-])[O-])O
thmmp,HZSAJDVWZRBGIF-UHFFFAOYSA-M,CC1=C(SC=[N+]1CC2=CN=C(N=C2N)C)CCOP(=O)([O-])[O-]
uacgam,LFTYTUAZOPRMMI-CFRASDGPSA-L,CC(=O)NC1C(C(C(OC1OP(=O)([O-])OP(=O)([O-])OCC2C(C(C(O2)N3C=CC(=O)NC3=O)O)O)CO)O)O
trnalys,NA,noinchikey_inpubchem
cpd10483,NA,noinchikey_inpubchem
cpd03654,NA,noinchikey_inpubchem
cpd08279,NA,noinchikey_inpubchem
cpd03351,NA,noinchikey_inpubchem
4ppan,XHFVGHPGDLDEQO-ZETCQYMHSA-K,CC(C)(COP(=O)([O-])[O-])C(C(=O)NCCC(=O)[O-])O
butso3,NA,noinchikey_inpubchem
cpd11733,NA,noinchikey_inpubchem
cpd13383,NA,noinchikey_inpubchem
so3,LSNNMFCWUKXFEE-UHFFFAOYSA-L,[O-]S(=O)[O-]
abt__L,HEBKCHPVOIAQTA-IMJSIDKUSA-N,C(C(C(C(CO)O)O)O)O
atp,ZKHQWZAMYRWXGA-KQYNXXCUSA-J,C1=NC(=C2C(=N1)N(C=N2)C3C(C(C(O3)COP(=O)([O-])OP(=O)([O-])OP(=O)([O-])[O-])O)O)N
ditp,UFJPAQSLHAGEBL-RRKCRQDMSA-J,C1C(C(OC1N2C=NC3=C2NC=NC3=O)COP(=O)([O-])OP(=O)([O-])OP(=O)([O-])[O-])O
cpd00947,NA,noinchikey_inpubchem
trnaphe,NA,noinchikey_inpubchem
cpd15689,NA,noinchikey_inpubchem
cpd15693,NA,noinchikey_inpubchem
iad,ZOAMBXDOGPRZLP-UHFFFAOYSA-N,C1=CC=C2C(=C1)C(=CN2)CC(=O)N
cpd11497,NA,noinchikey_inpubchem
cpd11514,NA,noinchikey_inpubchem
cpd18007,NA,noinchikey_inpubchem
25drapp,OCLCLRXKNJCOJD-UMMCILCDSA-L,C(C1C(C(C(O1)NC2=C(C(=O)N=C(N2)N)N)O)O)OP(=O)([O-])[O-]
cdpdtdec7eg,VDJIEKQUDMPHPA-WNAWUNHNSA-L,noinchikey_inpubchem
cpd02490,NA,noinchikey_inpubchem
cpd04015,NA,noinchikey_inpubchem
datp,SUYVUBYJARFZHO-RRKCRQDMSA-J,C1C(C(OC1N2C=NC3=C(N=CN=C32)N)COP(=O)([O-])OP(=O)([O-])OP(=O)([O-])[O-])O
cpd12564,NA,noinchikey_inpubchem
hxan,FDGQSTZJBFJUBT-UHFFFAOYSA-N,C1=NC2=C(N1)C(=O)N=CN2
PL,NA,noinchikey_inpubchem
2mb2coa,PMWATMXOQQZNBX-DKBZLLMOSA-J,CC=C(C)C(=O)SCCNC(=O)CCNC(=O)C(C(C)(C)COP(=O)([O-])OP(=O)([O-])OCC1C(C(C(O1)N2C=NC3=C(N=CN=C32)N)O)OP(=O)([O-])[O-])O
ptd2meeta_SC,NA,noinchikey_inpubchem
2agpg120,NA,noinchikey_inpubchem
cpd12736,NA,noinchikey_inpubchem
ala_B,UCMIRNVEIXFBKS-UHFFFAOYSA-N,C(CN)C(=O)O
ind3ac,SEOVTRFCIGRIMH-UHFFFAOYSA-M,C1=CC=C2C(=C1)C(=CN2)CC(=O)[O-]
xtp,CAEFEWVYEZABLA-UUOKFMHZSA-J,C1=NC2=C(N1C3C(C(C(O3)COP(=O)([O-])OP(=O)([O-])OP(=O)([O-])[O-])O)O)NC(=O)NC2=O
cpd15681,NA,noinchikey_inpubchem
cu2,JPVYNHNXODAKFH-UHFFFAOYSA-N,[Cu+2]
cpd02972,NA,noinchikey_inpubchem
dtdp4d6dm,PSXWNITXWWECNY-LPVGZGSHSA-L,CC1C(=O)C(C(C(O1)OP(=O)([O-])OP(=O)([O-])OCC2C(CC(O2)N3C=C(C(=O)NC3=O)C)O)O)O
cpd11217,NA,noinchikey_inpubchem
sufbcd__4fe4s,NA,noinchikey_inpubchem
pgp140,NA,noinchikey_inpubchem
xylt,HEBKCHPVOIAQTA-SCDXWVJYSA-N,noinchikey_inpubchem
cpd04539,NA,noinchikey_inpubchem
uri,DRTQHJPVMGBUCF-XVFCMESISA-N,C1=CN(C(=O)NC1=O)C2C(C(C(O2)CO)O)O
cpd34449,NA,noinchikey_inpubchem
cpd11591,NA,noinchikey_inpubchem
4abutn,DZQLQEYLEYWJIB-UHFFFAOYSA-O,C(CC=O)C[NH3+]
mso3,AFVFQIVMOAPDHO-UHFFFAOYSA-M,CS(=O)(=O)[O-]
cpd01221,NA,noinchikey_inpubchem
ptdmeeta_SC,NA,noinchikey_inpubchem
utp,PGAVKCOVUIYSFO-XVFCMESISA-J,C1=CN(C(=O)NC1=O)C2C(C(C(O2)COP(=O)([O-])OP(=O)([O-])OP(=O)([O-])[O-])O)O
cpd00650,NA,noinchikey_inpubchem
dcdp,FTDHDKPUHBLBTL-SHYZEUOFSA-K,C1C(C(OC1N2C=CC(=NC2=O)N)COP(=O)([O-])OP(=O)([O-])[O-])O
gggagicolipa,DJHBKVISRABJNG-HEIPHTFDSA-C,CCCCCCCCCCCCCC(=O)OC(CCCCCCCCCCC)CC(=O)OC1C(C(OC(C1OP(=O)([O-])[O-])COC2(CC(C(C(O2)C(CO)O)OC3C(C(C(C(O3)C(CO)O)OP(=O)([O-])[O-])OC4C(C(C(C(O4)C(COC5C(C(C(C(O5)C(CO)O)O)O)O)O)OP(=O)([O-])[O-])OC6C(C(C(C(O6)COC7C(C(C(C(O7)CO)O)O)O)O)OC8C(C(C(C(O8)CO)O)O)OC9C(C(C(C(O9)CO)O)O)O)O)O)O)OC1(CC(C(C(O1)C(CO)O)OC1C(C(C(C(O1)C)O)O)O)OC1(CC(C(C(O1)C(CO)O)O)O)C(=O)[O-])C(=O)[O-])C(=O)[O-])OCC1C(C(C(C(O1)OP(=O)(O)O)N=C(CC(CCCCCCCCCCC)O)[O-])OC(=O)CC(CCCCCCCCCCC)O)O)N=C(CC(CCCCCCCCCCC)OC(=O)CCCCCCCCCCC)[O-]
PC,NA,noinchikey_inpubchem
ca2,BHPQYMZQTOCNFJ-UHFFFAOYSA-N,[Ca+2]
achms,FCXZBWSIAGGPCB-YFKPBYRVSA-N,CC(=O)OCCC(C(=O)O)N
nadph,ACFIXJIJDZMPPO-NNYOXOHSSA-J,C1C=CN(C=C1C(=O)N)C2C(C(C(O2)COP(=O)([O-])OP(=O)([O-])OCC3C(C(C(O3)N4C=NC5=C(N=CN=C54)N)OP(=O)([O-])[O-])O)O)O
ham,AVXURJPOCDRRFD-UHFFFAOYSA-N,NO
hgbam,JJMDOVLPFPOLFZ-IPUCCYEASA-L,noinchikey_inpubchem
so4,QAOWNCQODCNURD-UHFFFAOYSA-L,[O-]S(=O)(=O)[O-]
ile__L,AGPKZVBTJJNPAG-WHFBIAKZSA-N,CCC(C)C(C(=O)O)N
3ig3p,NQEQTYPJSIEPHW-MNOVXSKESA-L,C1=CC=C2C(=C1)C(=CN2)C(C(COP(=O)([O-])[O-])O)O
cpd10497,NA,noinchikey_inpubchem
pphn,FPWMCUPFBRFMLH-XGAOUMNUSA-L,noinchikey_inpubchem
6pgl,IJOJIVNDFQSGAB-SQOUGZDYSA-L,C(C1C(C(C(C(=O)O1)O)O)O)OP(=O)([O-])[O-]
cyst__L,ILRYLPWNYFXEMH-WHFBIAKZSA-N,C(CSCC(C(=O)O)N)C(C(=O)O)N
cpd15720,NA,noinchikey_inpubchem
cpd11586,NA,noinchikey_inpubchem
cpd11475,NA,noinchikey_inpubchem
cpd00442,NA,noinchikey_inpubchem
pencil,NA,noinchikey_inpubchem
ohpb,MZJFVXDTNBHTKZ-UWTATZPHSA-K,C(C(C(=O)C(=O)[O-])O)OP(=O)([O-])[O-]
argsuc,KDZOASGQNOPSCU-ZBHICJROSA-M,C(CC(C(=O)[O-])[NH3+])C[NH+]=C(N)NC(CC(=O)[O-])C(=O)[O-]
2ahethmpp,RRUVJGASJONMDY-UHFFFAOYSA-L,CC1=C(SC(=[N+]1CC2=CN=C(N=C2N)C)C(C)O)CCOP(=O)([O-])OP(=O)([O-])[O-]
cpd11434,NA,noinchikey_inpubchem
ak2g_hs,NA,noinchikey_inpubchem
tcynt,ZMZDMBWJUHKJPS-UHFFFAOYSA-M,C(#N)[S-]
gua,UYTPUPDQBNUYGX-UHFFFAOYSA-N,C1=NC2=C(N1)C(=O)N=C(N2)N
ribflv,AUNGANRZJHBGPY-SCRDCRAPSA-M,CC1=CC2=C(C=C1C)N(C3=NC(=NC(=O)C3=N2)[O-])CC(C(C(CO)O)O)O
34hpp,KKADPXVIOXHVKN-UHFFFAOYSA-M,C1=CC(=CC=C1CC(=O)C(=O)[O-])O
cystrna,NA,noinchikey_inpubchem
cpd15678,NA,noinchikey_inpubchem
air,PDACUKOKVHBVHJ-ZRTZXPPTSA-M,C1=C([N+](=CN1)C2C(C(C(O2)COP(=O)([O-])[O-])O)O)N
lcts,GUBGYTABKSRVRQ-QKKXKWKRSA-N,C(C1C(C(C(C(O1)OC2C(OC(C(C2O)O)O)CO)O)O)O)O
cpd11549,NA,noinchikey_inpubchem
mi12356p,CTPQAXVNYGZUAJ-UOTPTPDRSA-D,noinchikey_inpubchem
3mop,JVQYSWDUAOAHFM-BYPYZUCNSA-M,CCC(C)C(=O)C(=O)[O-]
cpd11587,NA,noinchikey_inpubchem
xan,LRFVTYWOQMYALW-UHFFFAOYSA-N,C1=NC2=C(N1)C(=O)NC(=O)N2
cpd02787,NA,noinchikey_inpubchem
cpd15029,NA,noinchikey_inpubchem
h,GPRLSGONYQIRFK-UHFFFAOYSA-N,[H+]
trnaasn,NA,noinchikey_inpubchem
hexACP,NA,noinchikey_inpubchem
uama,NTMMCWJNQNKACG-KBKUWGQMSA-K,CC(C(=O)[O-])NC(=O)C(C)OC1C(C(OC(C1O)CO)OP(=O)([O-])OP(=O)([O-])OCC2C(C(C(O2)N3C=CC(=O)NC3=O)O)O)NC(=O)C
gal,WQZGKKKJIJFFOK-PHYPRBDBSA-N,C(C1C(C(C(C(O1)O)O)O)O)O
ump,DJJCXFVJDGTHFX-XVFCMESISA-L,C1=CN(C(=O)NC1=O)C2C(C(C(O2)COP(=O)([O-])[O-])O)O
quln,GJAWHXHKYYXBSV-UHFFFAOYSA-L,C1=CC(=C(N=C1)C(=O)[O-])C(=O)[O-]
cpd11767,NA,noinchikey_inpubchem
glycogen,NA,noinchikey_inpubchem
cpd12599,NA,noinchikey_inpubchem
cpd11524,NA,noinchikey_inpubchem
cpd15682,NA,noinchikey_inpubchem
pppi,UNXRWKVEANCORM-UHFFFAOYSA-I,[O-]P(=O)([O-])OP(=O)([O-])OP(=O)([O-])[O-]
cpd15088,NA,noinchikey_inpubchem
cbtnCCP,NA,noinchikey_inpubchem
valtrna,NA,noinchikey_inpubchem
cpd02102,NA,noinchikey_inpubchem
pydxn,LXNHXLLTXMVWPM-UHFFFAOYSA-N,CC1=NC=C(C(=C1O)CO)CO
cpd11534,NA,noinchikey_inpubchem
msa,OAKURXIZZOAYBC-UHFFFAOYSA-M,C(C=O)C(=O)[O-]
cpd10549,NA,noinchikey_inpubchem
PG,NA,noinchikey_inpubchem
phthr,FKHAKIJOKDGEII-GBXIJSLDSA-L,C(C(C(C(=O)[O-])[NH3+])O)OP(=O)([O-])[O-]
f6p,BGWGXPAPYGQALX-ARQDHWQXSA-L,C(C1C(C(C(O1)(CO)O)O)O)OP(=O)([O-])[O-]
2agpe141,NA,noinchikey_inpubchem
adn,OIRDTQYFTABQOQ-KQYNXXCUSA-N,C1=NC(=C2C(=N1)N(C=N2)C3C(C(C(O3)CO)O)O)N
kdo2lipid4,XAOLJGCZESYRFT-VHSKNIDJSA-H,CCCCCCCCCCCC(CC(=O)NC1C(C(C(OC1OP(=O)([O-])[O-])COC2C(C(C(C(O2)COC3(CC(C(C(O3)C(CO)O)O)OC4(CC(C(C(O4)C(CO)O)O)O)C(=O)[O-])C(=O)[O-])OP(=O)([O-])[O-])OC(=O)CC(CCCCCCCCCCC)O)NC(=O)CC(CCCCCCCCCCC)O)O)OC(=O)CC(CCCCCCCCCCC)O)O
pa141,NA,noinchikey_inpubchem
cpd35301,NA,noinchikey_inpubchem
cpd03660,NA,noinchikey_inpubchem
octdp,IKKLDISSULFFQO-DJMILUHSSA-K,CC(=CCCC(=CCCC(=CCCC(=CCCC(=CCCC(=CCCC(=CCCC(=CCOP(=O)([O-])OP(=O)([O-])[O-])C)C)C)C)C)C)C)C
cpd11543,NA,noinchikey_inpubchem
e4p,NGHMDNPXVRFFGS-IUYQGCFVSA-L,C(C(C(C=O)O)O)OP(=O)([O-])[O-]
cpd09794,NA,noinchikey_inpubchem
sufbcd__2fe2s2,NA,noinchikey_inpubchem
cpd11851,NA,noinchikey_inpubchem
cpd00652,NA,noinchikey_inpubchem
cpd10162,NA,noinchikey_inpubchem
cpd11554,NA,noinchikey_inpubchem
cpd04017,NA,noinchikey_inpubchem
pg181,NA,noinchikey_inpubchem
pe141,NA,noinchikey_inpubchem
amet,MEFKEPWMEQBLKI-AIRLBKTGSA-O,C[S+](CCC(C(=O)O)N)CC1C(C(C(O1)N2C=NC3=C(N=CN=C32)N)O)O
adprib,SRNWOUGRCWSEMX-TYASJMOZSA-L,C1=NC(=C2C(=N1)N(C=N2)C3C(C(C(O3)COP(=O)([O-])OP(=O)([O-])OCC4C(C(C(O4)O)O)O)O)O)N
ddcaACP,NA,noinchikey_inpubchem
trnaile,NA,noinchikey_inpubchem
hcit,NA,noinchikey_inpubchem
caffcoa,QHRGJMIMHCLHRG-ZSELIEHESA-J,CC(C)(COP(=O)([O-])OP(=O)([O-])OCC1C(C(C(O1)N2C=NC3=C(N=CN=C32)N)O)OP(=O)([O-])[O-])C(C(=O)NCCC(=O)NCCSC(=O)C=CC4=CC(=C(C=C4)O)O)O
acser,VZXPDPZARILFQX-BYPYZUCNSA-N,CC(=O)OCC(C(=O)O)N
2ommbl,HDSGDGSLNMIMKU-KFSSTAEESA-N,CC1=C(C(=C(C=C1O)OC)O)CC=C(C)CCC=C(C)CCC=C(C)CCC=C(C)CCC=C(C)CCC=C(C)CCC=C(C)CCC=C(C)C
cpd02626,NA,noinchikey_inpubchem
L_alagly,CXISPYVYMQWFLE-VKHMYHEASA-N,CC(C(=O)NCC(=O)[O-])[NH3+]
trnamet,NA,noinchikey_inpubchem
man6p,NBSCHQHZLSJFNQ-QTVWNMPRSA-L,C(C1C(C(C(C(O1)O)O)O)O)OP(=O)([O-])[O-]
uaagtmda,NA,noinchikey_inpubchem
cpppg3,NIUVHXTXUXOFEB-UHFFFAOYSA-J,CC1=C2CC3=C(C(=C(N3)CC4=C(C(=C(N4)CC5=C(C(=C(N5)CC(=C1CCC(=O)[O-])N2)C)CCC(=O)[O-])C)CCC(=O)[O-])CCC(=O)[O-])C
cpd04806,NA,noinchikey_inpubchem
cpd11496,NA,noinchikey_inpubchem
cpd25886,NA,noinchikey_inpubchem
g3pg,LLCSXHMJULHSJN-UHFFFAOYSA-M,C(C(COP(=O)([O-])OCC(CO)O)O)O
rdmbzi,HLRUKOJSWOKCPP-SYQHCUMBSA-N,CC1=CC2=C(C=C1C)N(C=N2)C3C(C(C(O3)CO)O)O
pencilca,NA,noinchikey_inpubchem
cpd15028,NA,noinchikey_inpubchem
cpd00668,NA,noinchikey_inpubchem
dmbzid,LJUQGASMPRMWIW-UHFFFAOYSA-N,CC1=CC2=C(C=C1C)N=CN2
phom,FXDNYOANAXWZHG-VKHMYHEASA-L,C(COP(=O)([O-])[O-])C(C(=O)[O-])[NH3+]
accoa,ZSLZBFCDCINBPY-ZSJPKINUSA-J,CC(=O)SCCNC(=O)CCNC(=O)C(C(C)(C)COP(=O)([O-])OP(=O)([O-])OCC1C(C(C(O1)N2C=NC3=C(N=CN=C32)N)O)OP(=O)([O-])[O-])O
cpd16471,NA,noinchikey_inpubchem
lgt__S,VDYDCVUWILIYQF-CSMHCCOUSA-M,CC(C(=O)SCC(C(=O)NCC(=O)[O-])NC(=O)CCC(C(=O)[O-])[NH3+])O
gdpmann,MVMSCBBUIHUTGJ-GDJBGNAASA-L,C1=NC2=C(N1C3C(C(C(O3)COP(=O)([O-])OP(=O)([O-])OC4C(C(C(C(O4)CO)O)O)O)O)O)NC(=NC2=O)N
cpd11523,NA,noinchikey_inpubchem
pa181,NA,noinchikey_inpubchem
rib__D,HMFHBZSHGGEWLO-SOOFDHNKSA-N,C(C1C(C(C(O1)O)O)O)O
cpd10499,NA,noinchikey_inpubchem
gal_bD,WQZGKKKJIJFFOK-FPRJBGLDSA-N,C(C1C(C(C(C(O1)O)O)O)O)O
pe120,NA,noinchikey_inpubchem
3ocvac11eACP,NA,noinchikey_inpubchem
tpalm2eACP,NA,noinchikey_inpubchem
menecyart,BDHQMRXFDYJGII-UEBIAWITSA-N,CC(C)C(=C)CCC(C)C1CCC2(C1(CCC34C2CCC5C3(C4)CCC(C5(C)C)O)C)C
lys__L,KDXKERNSBIXSRK-YFKPBYRVSA-O,C(CC[NH3+])CC(C(=O)O)N
1pyr5c,DWAKNKKXGALPNW-UHFFFAOYSA-M,C1CC(N=C1)C(=O)[O-]
2agpg140,NHYJQQUDLXESED-UHFFFAOYSA-M,CCCCCCCCCCCCCC(=O)OC(CO)COP(=O)([O-])OCC(CO)O
ru5p__D,FNZLKVNUWIIPSJ-UHNVWZDZSA-L,C(C(C(C(=O)CO)O)O)OP(=O)([O-])[O-]
cpd03830,NA,noinchikey_inpubchem
cpd10544,NA,noinchikey_inpubchem
occoa,KQMZYOXOBSXMII-CECATXLMSA-J,CCCCCCCC(=O)SCCNC(=O)CCNC(=O)C(C(C)(C)COP(=O)([O-])OP(=O)([O-])OCC1C(C(C(O1)N2C=NC3=C(N=CN=C32)N)O)OP(=O)([O-])[O-])O
asptrna,NA,noinchikey_inpubchem
23dhmp,PDGXJDXVGMHUIR-UJURSFKZSA-M,CCC(C)(C(C(=O)[O-])O)O
thex2eACP,NA,noinchikey_inpubchem
cpd09434,NA,noinchikey_inpubchem
cynt,XLJMAIOERFSOGZ-UHFFFAOYSA-M,noinchikey_inpubchem
cpd11616,NA,noinchikey_inpubchem
xu5p__L,FNZLKVNUWIIPSJ-WHFBIAKZSA-L,C(C(C(C(=O)CO)O)O)OP(=O)([O-])[O-]
man1p,HXXFSFRBOHSIMQ-RWOPYEJCSA-L,C(C1C(C(C(C(O1)OP(=O)([O-])[O-])O)O)O)O
orn__L,AHLPHDHHMVZTML-BYPYZUCNSA-O,C(CC(C(=O)[O-])[NH3+])C[NH3+]
cpd10554,NA,noinchikey_inpubchem
cpd11503,NA,noinchikey_inpubchem
r5p,KTVPXOYAKDPRHY-AIHAYLRMSA-L,C(C1C(C(C(O1)O)O)O)OP(=O)([O-])[O-]
ind3acnl,DMCPFOBLJMLSNX-UHFFFAOYSA-N,C1=CC=C2C(=C1)C(=CN2)CC#N
23dhdp,UWOCFOFVIBZJGH-YFKPBYRVSA-L,C1C=CC(=NC1C(=O)[O-])C(=O)[O-]
pg140,BPHQZTVXXXJVHI-AJQTZOPKSA-M,CCCCCCCCCCCCCC(=O)OCC(COP(=O)([O-])OCC(CO)O)OC(=O)CCCCCCCCCCCCC
mthgxl,AIJULSRZWUXGPQ-UHFFFAOYSA-N,CC(=O)C=O
icolipa,YKVGZDADLKRSPK-YRCDCJNSSA-C,CCCCCCCCCCCCCC(=O)OC(CCCCCCCCCCC)CC(=O)OC1C(C(OC(C1OP(=O)([O-])[O-])COC2(CC(C(C(O2)C(CO)O)OC3C(C(C(C(O3)C(CO)O)OP(=O)([O-])[O-])OC4C(C(C(C(O4)C(COC5C(C(C(C(O5)C(CO)O)O)O)O)O)OP(=O)([O-])[O-])O)O)O)OC6(CC(C(C(O6)C(CO)O)OC7C(C(C(C(O7)C)O)O)O)OC8(CC(C(C(O8)C(CO)O)O)O)C(=O)[O-])C(=O)[O-])C(=O)[O-])OCC9C(C(C(C(O9)OP(=O)(O)O)N=C(CC(CCCCCCCCCCC)O)[O-])OC(=O)CC(CCCCCCCCCCC)O)O)N=C(CC(CCCCCCCCCCC)OC(=O)CCCCCCCCCCC)[O-]
cpd16365,NA,noinchikey_inpubchem
cpd01489,NA,noinchikey_inpubchem
pendp,JMVSBFJBMXQNJW-GIXZANJISA-K,CC(=CCCC(=CCCC(=CCCC(=CCCC(=CCOP(=O)([O-])OP(=O)([O-])[O-])C)C)C)C)C
cpd11544,NA,noinchikey_inpubchem
gmp,RQFCJASXJCIDSX-UUOKFMHZSA-L,C1=NC2=C(N1C3C(C(C(O3)COP(=O)([O-])[O-])O)O)NC(=NC2=O)N
s,NINIDFKCEFEMDL-UHFFFAOYSA-N,[S]
cpd03247,NA,noinchikey_inpubchem
ad,DLFVBJFMPXGRIB-UHFFFAOYSA-N,CC(=O)N
cpd11593,NA,noinchikey_inpubchem
